flower,source,scientific_name,file_title,note,local_file,commons_page,original_width,original_height,license,usage_terms,categories
Gül,Curtis’s Botanical Magazine,Rosa centifolia,File:Curtis's botanical magazine (Plate 3475) (8043236078).jpg,Katmerli bahçe gülü; günümüz kesme gülünden daha dolgun bir tarihî form.,visual-source-comparison/images/01-gul-curtis-s-botanical-magazine.jpg,https://commons.wikimedia.org/wiki/File:Curtis's_botanical_magazine_(Plate_3475)_(8043236078).jpg,1990,3200,Public domain,Public domain,"Biodiversity Heritage Library maintenance missing collection; CC-BY-2.0; CC-PD-Mark; Curtis's Botanical Magazine, Volume 63; Curtis's Botanical Magazine - uploaded by Flickr; Files from the Biodiversity Heritage Library; Flickr images reviewed by FlickreviewR; PD-old-70-expired; PD-scan (PD-old-70-expired); Photos uploaded from Flickr by Fæ using a script; Rosa centifolia - botanical illustrations"
Gül,Flore des Serres,Rosa çeşidi,File:Flore des serres v15 097a.jpg,Serres’in dekoratif bahçe gülü levhalarından biri.,visual-source-comparison/images/02-gul-flore-des-serres.jpg,https://commons.wikimedia.org/wiki/File:Flore_des_serres_v15_097a.jpg,2347,3620,Public domain,Public domain,"Botanical illustrations of roses; CC-PD-Mark; Files uploaded by Darwinius; Flore des serres et des jardins de l’Europe, vol. 15; PD-old-100-expired; Rosa 'François Arago'"
Lale,Curtis’s Botanical Magazine,Tulipa sylvestris subsp. australis,File:Curtis's botanical magazine (No. 717) (8447528823).jpg,Yabani lale formu; tanıdık kültür lalesi kadar iri ve katmerli değil.,visual-source-comparison/images/03-lale-curtis-s-botanical-magazine.jpg,https://commons.wikimedia.org/wiki/File:Curtis's_botanical_magazine_(No._717)_(8447528823).jpg,1874,3200,Public domain,Public domain,"Biodiversity Heritage Library maintenance missing collection; CC-BY-2.0; CC-PD-Mark; Curtis's Botanical Magazine, Volume 19; Files from the Biodiversity Heritage Library; Flickr images missing SDC creator; Flickr images missing SDC source of file; Flickr images reviewed by FlickreviewR; PD-old-70-expired; PD-scan (PD-old-70-expired); Photos uploaded from Flickr by Fæ using a script; Tulipa sylvestris subsp. australis - botanical illustrations"
Lale,Flore des Serres,Tulipa kültür çeşitleri,File:Flore des serres v16 141a.jpg,Birden fazla bahçe lalesini aynı levhada gösteren dekoratif düzenleme.,visual-source-comparison/images/04-lale-flore-des-serres.jpg,https://commons.wikimedia.org/wiki/File:Flore_des_serres_v16_141a.jpg,3634,4845,Public domain,Public domain,"CC-PD-Mark; Files uploaded by Darwinius; Flore des serres et des jardins de l’Europe, vol. 16; PD-old-100-expired; Tulipa cultivars - botanical illustrations; Unidentified Tulipa cultivars"
Karanfil,Curtis’s Botanical Magazine,Dianthus caryophyllus,"File:The Botanical Magazine, Plate 39 (Volume 2, 1788).png",Doğrudan karanfil; erken dönem Curtis levhası.,visual-source-comparison/images/05-karanfil-curtis-s-botanical-magazine.png,"https://commons.wikimedia.org/wiki/File:The_Botanical_Magazine,_Plate_39_(Volume_2,_1788).png",1810,3220,Public domain,Public domain,"Author died more than 100 years ago public domain images; CC-PD-Mark; Dianthus caryophyllus - botanical illustrations; Files from the Biodiversity Heritage Library; PD-old missing SDC copyright status; PD-scan (PD-old-100); The Botanical Magazine, Volume 2"
Karanfil,Flore des Serres,Dianthus chinensis,File:Flore des Serres v13 011a.jpg,"Çin karanfili; çiçekçi karanfilinin birebir çeşidi değil, aynı Dianthus grubu.",visual-source-comparison/images/06-karanfil-flore-des-serres.jpg,https://commons.wikimedia.org/wiki/File:Flore_des_Serres_v13_011a.jpg,3681,4923,Public domain,Public domain,"CC-PD-Mark; Dianthus chinensis - botanical illustrations; Files uploaded by Darwinius; Flore des serres et des jardins de l’Europe, vol. 13; PD-old-100-expired"
Papatya,Curtis’s Botanical Magazine,Bellis perennis,"File:The Botanical Magazine, Plate 228 (Volume 7, 1794).png",Doğrudan çayır papatyası.,visual-source-comparison/images/07-papatya-curtis-s-botanical-magazine.png,"https://commons.wikimedia.org/wiki/File:The_Botanical_Magazine,_Plate_228_(Volume_7,_1794).png",1871,3242,Public domain,Public domain,"Author died more than 100 years ago public domain images; Bellis perennis - botanical illustrations; CC-PD-Mark; PD-old missing SDC copyright status; PD-scan (PD-old-100); The Botanical Magazine, Volume 7"
Papatya,Flore des Serres,Tanacetum coccineum,File:Flore des serres v17 033a.jpg,Doğrudan Bellis değil; papatya görünümündeki pembe pireotu. Serres kapsamındaki farkı göstermek için seçildi.,visual-source-comparison/images/08-papatya-flore-des-serres.jpg,https://commons.wikimedia.org/wiki/File:Flore_des_serres_v17_033a.jpg,2469,3742,Public domain,Public domain,"CC-PD-Mark; Files uploaded by Darwinius; Flore des serres et des jardins de l’Europe, vol. 17; PD-old-100-expired; Tanacetum coccineum - botanical illustrations"
Lilyum / zambak,Curtis’s Botanical Magazine,Lilium speciosum,File:Curtis's botanical magazine (Plate 3785) (9126690695).jpg,Gösterişli gerçek zambak; modern lilyuma yakın okunur.,visual-source-comparison/images/09-lilyum-zambak-curtis-s-botanical-magazine.jpg,https://commons.wikimedia.org/wiki/File:Curtis's_botanical_magazine_(Plate_3785)_(9126690695).jpg,2003,3200,Public domain,Public domain,"Biodiversity Heritage Library maintenance missing collection; CC-BY-2.0; CC-PD-Mark; Curtis's Botanical Magazine, Volume 66; Curtis's Botanical Magazine - uploaded by Flickr; Files from the Biodiversity Heritage Library; Flickr images reviewed by FlickreviewR; Lilium speciosum - botanical illustrations; PD-old-70-expired; PD-scan (PD-old-70-expired); Photos uploaded from Flickr by Fæ using a script"
Lilyum / zambak,Flore des Serres,Lilium auratum,File:Flore des serres v15 057a.jpg,Altın şeritli Japon zambağı; Serres’in en gösterişli levhalarından.,visual-source-comparison/images/10-lilyum-zambak-flore-des-serres.jpg,https://commons.wikimedia.org/wiki/File:Flore_des_serres_v15_057a.jpg,4991,7353,Public domain,Public domain,"CC-PD-Mark; Files uploaded by Darwinius; Flore des serres et des jardins de l’Europe, vol. 15; Lilium auratum - botanical illustrations; PD-old-100-expired"
Ayçiçeği,Curtis’s Botanical Magazine,Helianthus multiflorus,"File:The Botanical Magazine, Plate 227 (Volume 7, 1794).png",Çok çiçekli süs ayçiçeği; tarla ayçiçeğinden farklı bir bahçe formu.,visual-source-comparison/images/11-aycicegi-curtis-s-botanical-magazine.png,"https://commons.wikimedia.org/wiki/File:The_Botanical_Magazine,_Plate_227_(Volume_7,_1794).png",1873,3242,Public domain,Public domain,"Author died more than 100 years ago public domain images; CC-PD-Mark; Helianthus multiflorus - botanical illustrations; PD-old missing SDC copyright status; PD-scan (PD-old-100); The Botanical Magazine, Volume 7"
Ayçiçeği,Flore des Serres,Helianthus californicus,File:Flore des serres v15 037a.jpg,Katmerli süs ayçiçeği; tek başlı tarla ayçiçeğinin birebir karşılığı değil.,visual-source-comparison/images/12-aycicegi-flore-des-serres.jpg,https://commons.wikimedia.org/wiki/File:Flore_des_serres_v15_037a.jpg,3554,4947,Public domain,Public domain,"CC-PD-Mark; Files uploaded by Darwinius; Flore des serres et des jardins de l’Europe, vol. 15; Helianthus californicus - botanical illustrations; PD-old-100-expired"
Krizantem / kasımpatı,Curtis’s Botanical Magazine,Chrysanthemum indicum,"File:The Botanical Magazine, Plate 327 (Volume 10, 1796).png",Doğrudan krizantem; erken dönem sade Curtis düzeni.,visual-source-comparison/images/13-krizantem-kasimpati-curtis-s-botanical-magazine.png,"https://commons.wikimedia.org/wiki/File:The_Botanical_Magazine,_Plate_327_(Volume_10,_1796).png",1862,3296,Public domain,Public domain,"Author died more than 100 years ago public domain images; CC-PD-Mark; Chrysanthemum indicum - botanical illustrations; PD-scan (PD-old-100); The Botanical Magazine, Volume 10"
Krizantem / kasımpatı,Flore des Serres,Chrysanthemum indicum,File:Flore des serres v15 141a.jpg,Birden fazla kültür çeşidini dekoratif bir buket gibi gösteriyor.,visual-source-comparison/images/14-krizantem-kasimpati-flore-des-serres.jpg,https://commons.wikimedia.org/wiki/File:Flore_des_serres_v15_141a.jpg,2462,3607,Public domain,Public domain,"CC-PD-Mark; Chrysanthemum (cultivars); Chrysanthemum indicum - botanical illustrations; Files uploaded by Darwinius; Flore des serres et des jardins de l’Europe, vol. 15; PD-old-100-expired"
Sümbül,Curtis’s Botanical Magazine,Hyacinthus orientalis,File:Curtis's botanical magazine (10594749593).jpg,Doğrudan bahçe sümbülü.,visual-source-comparison/images/15-sumbul-curtis-s-botanical-magazine.jpg,https://commons.wikimedia.org/wiki/File:Curtis's_botanical_magazine_(10594749593).jpg,1800,3200,Public domain,Public domain,"Biodiversity Heritage Library maintenance missing collection; CC-BY-2.0; CC-PD-Mark; Curtis's Botanical Magazine, Volume 24; Files from the Biodiversity Heritage Library; Flickr images reviewed by FlickreviewR; Hyacinthus orientalis - botanical illustrations; PD-old-70-expired; PD-scan (PD-old-70-expired); Photos uploaded from Flickr by Fæ using a script"
Sümbül,Flore des Serres,Hyacinthus orientalis,File:Flore des serres v14 183a.jpg,Birden fazla renk çeşidini aynı levhada karşılaştırıyor.,visual-source-comparison/images/16-sumbul-flore-des-serres.jpg,https://commons.wikimedia.org/wiki/File:Flore_des_serres_v14_183a.jpg,2120,3500,Public domain,Public domain,"CC-PD-Mark; Files uploaded by Darwinius; Flore des serres et des jardins de l’Europe, vol. 14; Hyacinthus orientalis - botanical illustrations; PD-old-100-expired"
Ortanca,Curtis’s Botanical Magazine,Hydrangea (tür kaydı belirsiz),File:Curtis's botanical magazine (Plate 4253) (8571547621).jpg,Curtis levhası ortanca olarak sınıflanmış; Commons kaydı türü kesinleştirmiyor.,visual-source-comparison/images/17-ortanca-curtis-s-botanical-magazine.jpg,https://commons.wikimedia.org/wiki/File:Curtis's_botanical_magazine_(Plate_4253)_(8571547621).jpg,1954,3200,Public domain,Public domain,"Biodiversity Heritage Library maintenance missing collection; CC-BY-2.0; CC-PD-Mark; Curtis's Botanical Magazine, Volume 72; Curtis's Botanical Magazine - uploaded by Flickr; Files from the Biodiversity Heritage Library; Flickr images reviewed by FlickreviewR; PD-old-70-expired; PD-scan (PD-old-70-expired); Photos uploaded from Flickr by Fæ using a script; Unidentified Hydrangea - botanical illustrations"
Ortanca,Flore des Serres,Hydrangea macrophylla,File:Flore des serres v16 077a.jpg,Günlük hayatta tanınan büyük yapraklı bahçe ortancasına yakın.,visual-source-comparison/images/18-ortanca-flore-des-serres.jpg,https://commons.wikimedia.org/wiki/File:Flore_des_serres_v16_077a.jpg,2272,3641,Public domain,Public domain,"CC-PD-Mark; Files uploaded by Darwinius; Flore des serres et des jardins de l’Europe, vol. 16; Hydrangea (cultivars); Hydrangea macrophylla - botanical illustrations; PD-old-100-expired"
Şakayık,Curtis’s Botanical Magazine,Paeonia suffruticosa,File:Paeonia suffruticosa Bot. Mag. 29.1154.1809.jpg,Ağaç şakayığı; levha yatay kompozisyonlu.,visual-source-comparison/images/19-sakayik-curtis-s-botanical-magazine.jpg,https://commons.wikimedia.org/wiki/File:Paeonia_suffruticosa_Bot._Mag._29.1154.1809.jpg,3712,3205,Public domain,Public domain,"CC-PD-Mark; Curtis's Botanical Magazine, Volume 29; PD-Art (PD-old-100); PD-Art missing SDC copyright status; PD-old missing SDC copyright status; Paeonia suffruticosa - botanical illustrations"
Şakayık,Flore des Serres,Paeonia lactiflora,File:Flore des serres et des jardins de l'Europe (8595874428).jpg,Süt çiçekli şakayık; kesme çiçekte tanınan dolgun forma daha yakın.,visual-source-comparison/images/20-sakayik-flore-des-serres.jpg,https://commons.wikimedia.org/wiki/File:Flore_des_serres_et_des_jardins_de_l'Europe_(8595874428).jpg,1804,2191,Public domain,Public domain,"Biodiversity Heritage Library maintenance missing collection; CC-BY-2.0; CC-PD-Mark; Files from the Biodiversity Heritage Library; Flickr images reviewed by FlickreviewR; Flore des serres et des jardins de l’Europe, vol. 8; PD-old-70-expired; PD-scan (PD-old-70-expired); Paeonia - botanical illustrations; Paeonia lactiflora; Photos uploaded from Flickr by Fæ using a script"
