asset_id,illustrated_flower,matched_merged_ids,matched_merged_entries,source_records,source_book,plate_title,scan_page,source_page_url,raw_scan_url,source_plate_file,crop_file,crop_coordinates,identification_confidence,identification_note,crop_scope,rights_note,sha256,file_size_bytes
I-001,Rose,S1F-218,Rose,I:603,"John H. Ingram, Flora Symbolica (1869)",Rose,n038,https://archive.org/details/florasymbolica00ingr/page/n38/mode/1up,https://archive.org/download/florasymbolica00ingr/page/n38.jpg,images/source-plates/ingram-1869/n038_rose.jpg,images/flower-crops/ingram-1869/i-001_rose.jpg,"492,460,1023,1783",exact,,target-dominant crop,Underlying 1869 publication is public-domain-era; Internet Archive scan provenance retained. Recheck host/institution terms before redistribution.,72dba9315927698c30d2239c60ff5d4f02d5cae822a0a4388350f484a19608c8,236622
I-002,Rose (second plate),S1F-218,Rose,I:603,"John H. Ingram, Flora Symbolica (1869)",Lily and Rose,n058,https://archive.org/details/florasymbolica00ingr/page/n58/mode/1up,https://archive.org/download/florasymbolica00ingr/page/n58.jpg,images/source-plates/ingram-1869/n058_lily-and-rose.jpg,images/flower-crops/ingram-1869/i-002_rose-secondary.jpg,"702,1057,887,1196",exact,,target-dominant crop,Underlying 1869 publication is public-domain-era; Internet Archive scan provenance retained. Recheck host/institution terms before redistribution.,c68ee64f7ef802fbcba89eb2a3bc26ba5506fb32a8ae1a4aba67f1a56324c16e,331583
I-003,Jasmine,S1F-140,Jasmine,I:380,"John H. Ingram, Flora Symbolica (1869)",Jasmine and Strawberry Blossom,n088,https://archive.org/details/florasymbolica00ingr/page/n88/mode/1up,https://archive.org/download/florasymbolica00ingr/page/n88.jpg,images/source-plates/ingram-1869/n088_jasmine-and-strawberry-blossom.jpg,images/flower-crops/ingram-1869/i-003_jasmine.jpg,"526,476,936,1205",exact,,target-dominant crop,Underlying 1869 publication is public-domain-era; Internet Archive scan provenance retained. Recheck host/institution terms before redistribution.,639b5a2b6eeda8f8d1ba58eb88802f4e1a04f7706f4af4bc64dd0bc99efa44d3,256550
I-004,Cornflower,S1F-065,Cornflower (Blue-Bottle Centaury),I:196,"John H. Ingram, Flora Symbolica (1869)",Poppy and Cornflower,n236,https://archive.org/details/florasymbolica00ingr/page/n236/mode/1up,https://archive.org/download/florasymbolica00ingr/page/n236.jpg,images/source-plates/ingram-1869/n236_poppy-and-cornflower.jpg,images/flower-crops/ingram-1869/i-004_cornflower.jpg,"339,986,809,1071",exact,,target-dominant crop,Underlying 1869 publication is public-domain-era; Internet Archive scan provenance retained. Recheck host/institution terms before redistribution.,1d7d8ab62f801da54fadc5ac5df8e695ac0078d80b1f229eec5e4e63596a9bbf,224520
I-005,Primrose,S1F-199,Primrose,I:581,"John H. Ingram, Flora Symbolica (1869)","Primrose, Heath and Violet",n292,https://archive.org/details/florasymbolica00ingr/page/n292/mode/1up,https://archive.org/download/florasymbolica00ingr/page/n292.jpg,images/source-plates/ingram-1869/n292_primrose-heath-violet.jpg,images/flower-crops/ingram-1869/i-005_primrose.jpg,"674,1083,853,1055",exact,,target-dominant crop,Underlying 1869 publication is public-domain-era; Internet Archive scan provenance retained. Recheck host/institution terms before redistribution.,db062509b6ce909bb704721f41130389e36303a5f0b1b6492ad08a63c32ee8f6,265973
I-006,Lily of the Valley,S1F-153,Lily Of The Valley,I:422,"John H. Ingram, Flora Symbolica (1869)",Lily of the Valley,n324,https://archive.org/details/florasymbolica00ingr/page/n324/mode/1up,https://archive.org/download/florasymbolica00ingr/page/n324.jpg,images/source-plates/ingram-1869/n324_lily-of-the-valley.jpg,images/flower-crops/ingram-1869/i-006_lily-of-the-valley.jpg,"494,428,1026,1941",exact,,target-dominant crop,Underlying 1869 publication is public-domain-era; Internet Archive scan provenance retained. Recheck host/institution terms before redistribution.,1a941624e2f63bdd0c8facc6048a61827496c5bba37a20ec90f8b20ea36728e7,208325
I-007,Passion Flower,S1F-184,Passion Flower,I:525,"John H. Ingram, Flora Symbolica (1869)",Passion Flower,n344,https://archive.org/details/florasymbolica00ingr/page/n344/mode/1up,https://archive.org/download/florasymbolica00ingr/page/n344.jpg,images/source-plates/ingram-1869/n344_passion-flower.jpg,images/flower-crops/ingram-1869/i-007_passion-flower.jpg,"467,456,1070,1937",exact,,target-dominant crop,Underlying 1869 publication is public-domain-era; Internet Archive scan provenance retained. Recheck host/institution terms before redistribution.,26122444621c4761c02c27c9b4d8aeccf77c234306bef1241cbb10d5373e5a26,261118
I-008,Blue Periwinkle,S1F-028,Blue Periwinkle,I:537,"John H. Ingram, Flora Symbolica (1869)",Wood Anemone and Periwinkle,n104,https://archive.org/details/florasymbolica00ingr/page/n104/mode/1up,https://archive.org/download/florasymbolica00ingr/page/n104.jpg,images/source-plates/ingram-1869/n104_wood-anemone-and-periwinkle.jpg,images/flower-crops/ingram-1869/i-008_blue-periwinkle.jpg,"436,856,950,913",exact,Plate caption identifies Periwinkle; blue flowers support the retained Blue Periwinkle form. Wood anemone remains partly visible.,target-dominant crop,Underlying 1869 publication is public-domain-era; Internet Archive scan provenance retained. Recheck host/institution terms before redistribution.,f24c46c3707e86287fb48eb36b440cdc3bd8bd33d14857543e9ddfc86c9732b1,251359
I-009,Poppy,S1F-198,Poppy,Ingram plate evidence; P:051; T:262,"John H. Ingram, Flora Symbolica (1869)",Poppy and Cornflower,n236,https://archive.org/details/florasymbolica00ingr/page/n236/mode/1up,https://archive.org/download/florasymbolica00ingr/page/n236.jpg,images/source-plates/ingram-1869/n236_poppy-and-cornflower.jpg,images/flower-crops/ingram-1869/i-009_poppy.jpg,"508,620,790,986",exact,"Ingram plate caption identifies Poppy, but the retained generic Poppy narratives come from Phillips and Tyas; the blue cornflower remains visible.",target-dominant crop,Underlying 1869 publication is public-domain-era; Internet Archive scan provenance retained. Recheck host/institution terms before redistribution.,b27872fb0cda00774176ddc0f2ef1c017c30f52c2ed04120ae0b630fb4cb96e1,209196
P-001,Tulip,S1F-287,Tulip,P:068,"Henry Phillips, Floral Emblems (1825)",Plate 1,n007,https://archive.org/details/floralemblems00philrich/page/n7/mode/1up,https://archive.org/download/floralemblems00philrich/page/n7.jpg,images/source-plates/phillips-1825/n007_plate-01.jpg,images/flower-crops/phillips-1825/p-001_tulip.jpg,"570,590,1253,1692",exact,,target-dominant crop,Underlying 1825 publication is public-domain-era; Internet Archive scan provenance retained. Recheck host/institution terms before redistribution.,2c34f697bb4ece5cc475bfa5e00cb74a5d066fe130d62267e90e064c7ba3d3b2,435164
P-002,Full-blown Rose,S1F-105,Full Blown Rose,P:022,"Henry Phillips, Floral Emblems (1825)",Plate 11,n137,https://archive.org/details/floralemblems00philrich/page/n137/mode/1up,https://archive.org/download/floralemblems00philrich/page/n137.jpg,images/source-plates/phillips-1825/n137_plate-11.jpg,images/flower-crops/phillips-1825/p-002_full-blown-rose.jpg,"387,1124,1694,1565",exact,,target-dominant crop,Underlying 1825 publication is public-domain-era; Internet Archive scan provenance retained. Recheck host/institution terms before redistribution.,98dfef667419314b7fa9d8e7d93043f331498f607ccbaa3fae8a435ce871be7f,504185
P-003,Honeysuckle,S1F-132,Honeysuckle,P:032,"Henry Phillips, Floral Emblems (1825)",Plate 11,n137,https://archive.org/details/floralemblems00philrich/page/n137/mode/1up,https://archive.org/download/floralemblems00philrich/page/n137.jpg,images/source-plates/phillips-1825/n137_plate-11.jpg,images/flower-crops/phillips-1825/p-003_honeysuckle.jpg,"242,321,1888,2890",exact,target shares plate with other flowers,shared multi-flower crop,Underlying 1825 publication is public-domain-era; Internet Archive scan provenance retained. Recheck host/institution terms before redistribution.,fc94b6219be3b76555e76929f233e65a60f1f09e12d9a4f64d9a2179372932f0,411990
P-004,Foxglove,S1F-098,Foxglove,P:309,"Henry Phillips, Floral Emblems (1825)",Plate 11,n137,https://archive.org/details/floralemblems00philrich/page/n137/mode/1up,https://archive.org/download/floralemblems00philrich/page/n137.jpg,images/source-plates/phillips-1825/n137_plate-11.jpg,images/flower-crops/phillips-1825/p-004_foxglove.jpg,"920,482,799,2328",exact,,target-dominant crop,Underlying 1825 publication is public-domain-era; Internet Archive scan provenance retained. Recheck host/institution terms before redistribution.,988e3755bd8eaddac2fb830043d2e3ae05a04075ea938d1d7b8c724f0d6d386a,233322
P-005,Yellow Day Lily,S1F-322,Yellow Day Lily,P:053,"Henry Phillips, Floral Emblems (1825)",Plate 12,n160,https://archive.org/details/floralemblems00philrich/page/n160/mode/1up,https://archive.org/download/floralemblems00philrich/page/n160.jpg,images/source-plates/phillips-1825/n160_plate-12.jpg,images/flower-crops/phillips-1825/p-005_yellow-day-lily.jpg,"145,161,1767,1686",exact,,target-dominant crop,Underlying 1825 publication is public-domain-era; Internet Archive scan provenance retained. Recheck host/institution terms before redistribution.,dfc34d27e64ef4f0c6691df116802b61b4980edac882430cb986e401ce191328,453590
P-006,Rhododendron,S1F-216,Rhododendron,P:060,"Henry Phillips, Floral Emblems (1825)",Plate 12,n160,https://archive.org/details/floralemblems00philrich/page/n160/mode/1up,https://archive.org/download/floralemblems00philrich/page/n160.jpg,images/source-plates/phillips-1825/n160_plate-12.jpg,images/flower-crops/phillips-1825/p-006_rhododendron.jpg,"194,1244,1791,1927",exact,,target-dominant crop,Underlying 1825 publication is public-domain-era; Internet Archive scan provenance retained. Recheck host/institution terms before redistribution.,5b7c77109bc6d0825aec0906cfe5ce5c90258c247ed8ea3358d42e99c6eed557,530864
P-007,Cistus / Rock Rose,S1F-053,Cistus Or Rock Rose,P:211,"Henry Phillips, Floral Emblems (1825)",Plate 13,n185,https://archive.org/details/floralemblems00philrich/page/n185/mode/1up,https://archive.org/download/floralemblems00philrich/page/n185.jpg,images/source-plates/phillips-1825/n185_plate-13.jpg,images/flower-crops/phillips-1825/p-007_cistus-rock-rose.jpg,"849,283,1019,1295",exact,,target-dominant crop,Underlying 1825 publication is public-domain-era; Internet Archive scan provenance retained. Recheck host/institution terms before redistribution.,ae34567982ebf7114696c391747b8b0c96c5efd6167e25fd8667a2b024ccde32,416242
P-008,Fly Orchis,S1F-096,Fly Orchis,P:092,"Henry Phillips, Floral Emblems (1825)",Plate 14,n196,https://archive.org/details/floralemblems00philrich/page/n196/mode/1up,https://archive.org/download/floralemblems00philrich/page/n196.jpg,images/source-plates/phillips-1825/n196_plate-14.jpg,images/flower-crops/phillips-1825/p-008_fly-orchis.jpg,"1448,695,641,1758",exact,,target-dominant crop,Underlying 1825 publication is public-domain-era; Internet Archive scan provenance retained. Recheck host/institution terms before redistribution.,38c281f74dcdc96b842a145a26ca4199c505363f2f5cf44bb2b21e278ceee8b1,199169
P-009,Columbine,S1F-060,Columbine,P:107,"Henry Phillips, Floral Emblems (1825)",Plate 14,n196,https://archive.org/details/floralemblems00philrich/page/n196/mode/1up,https://archive.org/download/floralemblems00philrich/page/n196.jpg,images/source-plates/phillips-1825/n196_plate-14.jpg,images/flower-crops/phillips-1825/p-009_columbine.jpg,"214,245,1353,1962",exact,,target-dominant crop,Underlying 1825 publication is public-domain-era; Internet Archive scan provenance retained. Recheck host/institution terms before redistribution.,170e690659b2af847a9666b0fa152ed144b23a8731a9e6d1411814bf26dc689f,364550
P-010,Sweet Pea,S1F-267,Sweet Pea,P:071,"Henry Phillips, Floral Emblems (1825)",Plate 16,n264,https://archive.org/details/floralemblems00philrich/page/n264/mode/1up,https://archive.org/download/floralemblems00philrich/page/n264.jpg,images/source-plates/phillips-1825/n264_plate-16.jpg,images/flower-crops/phillips-1825/p-010_sweet-pea.jpg,"190,245,1163,1921",exact,,target-dominant crop,Underlying 1825 publication is public-domain-era; Internet Archive scan provenance retained. Recheck host/institution terms before redistribution.,c465eec4182ed7652640eddf69f40bdce30567d3ceb930c256f997bf4dcf8fe2,312592
P-011,Everlasting Pea,S1F-092,Everlasting Pea,P:164,"Henry Phillips, Floral Emblems (1825)",Plate 16,n264,https://archive.org/details/floralemblems00philrich/page/n264/mode/1up,https://archive.org/download/floralemblems00philrich/page/n264.jpg,images/source-plates/phillips-1825/n264_plate-16.jpg,images/flower-crops/phillips-1825/p-011_everlasting-pea.jpg,"1021,204,1163,2289",exact,,target-dominant crop,Underlying 1825 publication is public-domain-era; Internet Archive scan provenance retained. Recheck host/institution terms before redistribution.,3fe0880ec9f4fda1f3960fe46b32ed7cd4fc5dc3db67cb163a965301a935ceed,265157
P-012,Amaryllis,S1F-010,Amaryllis,P:218,"Henry Phillips, Floral Emblems (1825)",Plate 17,n326,https://archive.org/details/floralemblems00philrich/page/n326/mode/1up,https://archive.org/download/floralemblems00philrich/page/n326.jpg,images/source-plates/phillips-1825/n326_plate-17.jpg,images/flower-crops/phillips-1825/p-012_amaryllis.jpg,"190,164,1899,1840",exact,,target-dominant crop,Underlying 1825 publication is public-domain-era; Internet Archive scan provenance retained. Recheck host/institution terms before redistribution.,1671bd04ce7a3fdc9feebb8488da4cfc08142869f54daf8c9b223a7648ab1f1d,480738
P-013,Cowslip,S1F-067,Cowslip,P:202,"Henry Phillips, Floral Emblems (1825)",Plate 18,n367,https://archive.org/details/floralemblems00philrich/page/n367/mode/1up,https://archive.org/download/floralemblems00philrich/page/n367.jpg,images/source-plates/phillips-1825/n367_plate-18.jpg,images/flower-crops/phillips-1825/p-013_cowslip.jpg,"427,1022,1567,2085",exact,,target-dominant crop,Underlying 1825 publication is public-domain-era; Internet Archive scan provenance retained. Recheck host/institution terms before redistribution.,4195d94f03cc350594446ccbb92a4984933ba47910b07b7301edc3972d8d4983,484602
P-014,Snowdrop,S1F-253,Snowdrop,P:050,"Henry Phillips, Floral Emblems (1825)",Plate 19,n390,https://archive.org/details/floralemblems00philrich/page/n390/mode/1up,https://archive.org/download/floralemblems00philrich/page/n390.jpg,images/source-plates/phillips-1825/n390_plate-19.jpg,images/flower-crops/phillips-1825/p-014_snowdrop.jpg,"237,204,1899,1390",exact,,target-dominant crop,Underlying 1825 publication is public-domain-era; Internet Archive scan provenance retained. Recheck host/institution terms before redistribution.,2f823592b17adb658366c5cb4e5a90d06b7a196d4d8df7b5d9906a7eee4dd72a,352173
P-015,Pansy,S1F-181,Pansy,P:276,"Henry Phillips, Floral Emblems (1825)",Plate 19,n390,https://archive.org/details/floralemblems00philrich/page/n390/mode/1up,https://archive.org/download/floralemblems00philrich/page/n390.jpg,images/source-plates/phillips-1825/n390_plate-19.jpg,images/flower-crops/phillips-1825/p-015_pansy.jpg,"237,1226,1899,1717",exact,,target-dominant crop,Underlying 1825 publication is public-domain-era; Internet Archive scan provenance retained. Recheck host/institution terms before redistribution.,4db1f02366937396a162be1d6fbb554663f77573205bcb5dc50d7c20bfc4d3f1,448909
P-016,Tuberose,S1F-286,Tuberose,P:292,"Henry Phillips, Floral Emblems (1825)",Plate 20,n409,https://archive.org/details/floralemblems00philrich/page/n409/mode/1up,https://archive.org/download/floralemblems00philrich/page/n409.jpg,images/source-plates/phillips-1825/n409_plate-20.jpg,images/flower-crops/phillips-1825/p-016_tuberose.jpg,"475,654,1424,2208",exact,,target-dominant crop,Underlying 1825 publication is public-domain-era; Internet Archive scan provenance retained. Recheck host/institution terms before redistribution.,deba305fc55847a264759c18591ad56f6996d67332df112c216392a6389964e1,417622
P-017,Anemone,S1F-014,Anemone,P:252,"Henry Phillips, Floral Emblems (1825)",Plate 20 — Sickness,n409,https://archive.org/details/floralemblems00philrich/page/n409/mode/1up,https://archive.org/download/floralemblems00philrich/page/n409.jpg,images/source-plates/phillips-1825/n409_plate-20.jpg,images/flower-crops/phillips-1825/p-017_anemone.jpg,"142,2616,1258,1226",exact,Number 8 in the plate key identifies the anemone cluster; neighbouring plate plants remain visible.,shared multi-flower crop,Underlying 1825 publication is public-domain-era; Internet Archive scan provenance retained. Recheck host/institution terms before redistribution.,1dec49ee7648c129c9f884acc4b4cd5235d7beb021eba12fcbbfb20b8a9d37aa,406400
P-018,Cardinal's Flower,S1F-041,Cardinal S Flower,P:080,"Henry Phillips, Floral Emblems (1825)",Plate 13 — Distinction,n185,https://archive.org/details/floralemblems00philrich/page/n185/mode/1up,https://archive.org/download/floralemblems00philrich/page/n185.jpg,images/source-plates/phillips-1825/n185_plate-13.jpg,images/flower-crops/phillips-1825/p-018_cardinals-flower.jpg,"97,364,898,1903",exact,Number 3 in the plate key identifies the tall scarlet Cardinal’s Flower.,target-dominant crop,Underlying 1825 publication is public-domain-era; Internet Archive scan provenance retained. Recheck host/institution terms before redistribution.,0e46babcab025cbe30249a963ead186db834a8e82744e2803710e294e36dd8e5,238865
P-019,Daisy,S1F-074,Daisy,P:154,"Henry Phillips, Floral Emblems (1825)",Plate 16 — Innocence,n264,https://archive.org/details/floralemblems00philrich/page/n264/mode/1up,https://archive.org/download/floralemblems00philrich/page/n264.jpg,images/source-plates/phillips-1825/n264_plate-16.jpg,images/flower-crops/phillips-1825/p-019_daisy.jpg,"142,1472,2041,2167",exact,The daisies form a decorative cup around sweet-pea figures rather than an isolated botanical portrait.,shared multi-flower crop,Underlying 1825 publication is public-domain-era; Internet Archive scan provenance retained. Recheck host/institution terms before redistribution.,14565b26a1d42b9aa5c505530ce20b97934f6280700d6e0b81e271811c27bee4,493795
P-020,Evergreen Clematis,S1F-090,Evergreen Clematis,P:212,"Henry Phillips, Floral Emblems (1825)",Plate 20 — Poverty,n409,https://archive.org/details/floralemblems00philrich/page/n409/mode/1up,https://archive.org/download/floralemblems00philrich/page/n409.jpg,images/source-plates/phillips-1825/n409_plate-20.jpg,images/flower-crops/phillips-1825/p-020_evergreen-clematis.jpg,"1685,1390,546,2044",exact,Number 4 in the plate key identifies the narrow clematis vine; the crowded plate limits crop width.,shared multi-flower crop,Underlying 1825 publication is public-domain-era; Internet Archive scan provenance retained. Recheck host/institution terms before redistribution.,6864c8468b6fedfddeca077f1d0cb119e9692610fb8d239253ddf04237b1e969,164881
P-021,Jonquil,S1F-141,Jonquil,T:170; Phillips excluded record P1825-072 used only as plate evidence,"Henry Phillips, Floral Emblems (1825)",Plate 13 — Desire,n185,https://archive.org/details/floralemblems00philrich/page/n185/mode/1up,https://archive.org/download/floralemblems00philrich/page/n185.jpg,images/source-plates/phillips-1825/n185_plate-13.jpg,images/flower-crops/phillips-1825/p-021_jonquil.jpg,"752,729,1019,1336",exact,Number 1 in the plate key identifies Jonquil. Phillips P1825-072 remains excluded for insufficient narrative; this asset uses its plate evidence only.,target-dominant crop,Underlying 1825 publication is public-domain-era; Internet Archive scan provenance retained. Recheck host/institution terms before redistribution.,96c5e7f38a8721e90d3f4d69318b63ed1fa73656b5ab7fc2cc50ff2ca617d6d8,396556
P-022,Spanish Jasmine,S1F-255,Spanish Jasmine,P:248,"Henry Phillips, Floral Emblems (1825)",Plate 20 — Sensuality,n409,https://archive.org/details/floralemblems00philrich/page/n409/mode/1up,https://archive.org/download/floralemblems00philrich/page/n409.jpg,images/source-plates/phillips-1825/n409_plate-20.jpg,images/flower-crops/phillips-1825/p-022_spanish-jasmine.jpg,"214,818,1377,2330",exact,Number 3 in the plate key identifies the pale central Spanish Jasmine; surrounding plants remain visible.,shared multi-flower crop,Underlying 1825 publication is public-domain-era; Internet Archive scan provenance retained. Recheck host/institution terms before redistribution.,aef89bfd932edae5e9031343253a0905c350402bc073249d0cc914974511deaf,367217
P-023,Sunflower,S1F-265,Sunflower,P:096,"Henry Phillips, Floral Emblems (1825)",Plate 13 — False Riches,n185,https://archive.org/details/floralemblems00philrich/page/n185/mode/1up,https://archive.org/download/floralemblems00philrich/page/n185.jpg,images/source-plates/phillips-1825/n185_plate-13.jpg,images/flower-crops/phillips-1825/p-023_sunflower.jpg,"315,1862,1383,1579",exact,Number 5 in the plate key identifies the large yellow sunflower.,target-dominant crop,Underlying 1825 publication is public-domain-era; Internet Archive scan provenance retained. Recheck host/institution terms before redistribution.,7216dc1d44c78916067c72ad7aae5a34908dd852de91a4407cd5832b0ff95a5f,466489
P-024,Thorn Apple,S1F-282,Thorn Apple,P:065,"Henry Phillips, Floral Emblems (1825)",Plate 13 — Deceitful Charms,n185,https://archive.org/details/floralemblems00philrich/page/n185/mode/1up,https://archive.org/download/floralemblems00philrich/page/n185.jpg,images/source-plates/phillips-1825/n185_plate-13.jpg,images/flower-crops/phillips-1825/p-024_thorn-apple.jpg,"922,1822,874,1295",exact,Number 4 in the plate key identifies the white trumpet-shaped Thorn Apple; part of the sunflower remains visible.,shared multi-flower crop,Underlying 1825 publication is public-domain-era; Internet Archive scan provenance retained. Recheck host/institution terms before redistribution.,abeb6f4fe8a8935371f422dcc884211028e60374f1038cb5a5bed10c4d3000bd,341006
P-025,Yellow Rose,S1F-327,Yellow Rose,P:150,"Henry Phillips, Floral Emblems (1825)",Plate 20 — Infidelity,n409,https://archive.org/details/floralemblems00philrich/page/n409/mode/1up,https://archive.org/download/floralemblems00philrich/page/n409.jpg,images/source-plates/phillips-1825/n409_plate-20.jpg,images/flower-crops/phillips-1825/p-025_yellow-rose.jpg,"1519,164,760,1267",exact,Number 5 in the plate key identifies the yellow rose.,target-dominant crop,Underlying 1825 publication is public-domain-era; Internet Archive scan provenance retained. Recheck host/institution terms before redistribution.,3971aaaa45849139fd087c323c3e4cf74de3c25927c2aa16316bf1fc57f0490f,272078
T-001,Rose,S1F-218,Rose,T:280,"Robert Tyas, The Sentiment of Flowers (1869)",Plate 1,n007,https://archive.org/details/sentimentofflowe00tyas/page/n7/mode/1up,https://archive.org/download/sentimentofflowe00tyas/page/n7.jpg,images/source-plates/tyas-1869/n007_plate-01.jpg,images/flower-crops/tyas-1869/t-001_rose.jpg,"236,186,1030,1631",exact,,target-dominant crop,Underlying 1869 publication is public-domain-era; Internet Archive scan provenance retained. Recheck host/institution terms before redistribution.,73cd3c547e240ded07242526775f3af7ab46fcf35c66785518cdf0280bfd27cc,357829
T-002,Borage,S1F-031,Borage,T:048,"Robert Tyas, The Sentiment of Flowers (1869)",Plate 2,n049,https://archive.org/details/sentimentofflowe00tyas/page/n49/mode/1up,https://archive.org/download/sentimentofflowe00tyas/page/n49.jpg,images/source-plates/tyas-1869/n049_plate-02.jpg,images/flower-crops/tyas-1869/t-002_borage.jpg,"424,48,990,904",exact,,target-dominant crop,Underlying 1869 publication is public-domain-era; Internet Archive scan provenance retained. Recheck host/institution terms before redistribution.,bb75c784b1a72247163cb9d2ab19e184d0f4440bd5a1a842231acf78aa2f7f67,184158
T-003,Tulip,S1F-287,Tulip,T:329,"Robert Tyas, The Sentiment of Flowers (1869)",Plate 3,n094,https://archive.org/details/sentimentofflowe00tyas/page/n94/mode/1up,https://archive.org/download/sentimentofflowe00tyas/page/n94.jpg,images/source-plates/tyas-1869/n094_plate-03.jpg,images/flower-crops/tyas-1869/t-003_tulip.jpg,"658,0,765,809",exact,,target-dominant crop,Underlying 1869 publication is public-domain-era; Internet Archive scan provenance retained. Recheck host/institution terms before redistribution.,b192f35eeb62b130f08506ec3475a16994c4d09b5cc13611760eaa21f087c4ed,203658
T-004,White Lily,S1F-306,White Lily,T:183,"Robert Tyas, The Sentiment of Flowers (1869)",Plate 3,n094,https://archive.org/details/sentimentofflowe00tyas/page/n94/mode/1up,https://archive.org/download/sentimentofflowe00tyas/page/n94.jpg,images/source-plates/tyas-1869/n094_plate-03.jpg,images/flower-crops/tyas-1869/t-004_white-lily.jpg,"46,428,949,1142",exact,,target-dominant crop,Underlying 1869 publication is public-domain-era; Internet Archive scan provenance retained. Recheck host/institution terms before redistribution.,b06e9bbaafea6dbe7c2537074a73ff6b116b01fec0f2498d527561aaadb4786f,367352
T-005,Fuchsia,S1F-103,Fuchsia,T:131,"Robert Tyas, The Sentiment of Flowers (1869)",Plate 3,n094,https://archive.org/details/sentimentofflowe00tyas/page/n94/mode/1up,https://archive.org/download/sentimentofflowe00tyas/page/n94.jpg,images/source-plates/tyas-1869/n094_plate-03.jpg,images/flower-crops/tyas-1869/t-005_fuchsia.jpg,"536,643,872,1214",exact,,target-dominant crop,Underlying 1869 publication is public-domain-era; Internet Archive scan provenance retained. Recheck host/institution terms before redistribution.,41bd15073333aaffb36022a348f54bc4df3591993c67be927eb35fc03ce542e7,342588
T-006,Forget-me-not,S1F-097,Forget-me-not,T:225,"Robert Tyas, The Sentiment of Flowers (1869)",Plate 4,n139,https://archive.org/details/sentimentofflowe00tyas/page/n139/mode/1up,https://archive.org/download/sentimentofflowe00tyas/page/n139.jpg,images/source-plates/tyas-1869/n139_plate-04.jpg,images/flower-crops/tyas-1869/t-006_forget-me-not.jpg,"324,0,1135,794",exact,,target-dominant crop,Underlying 1869 publication is public-domain-era; Internet Archive scan provenance retained. Recheck host/institution terms before redistribution.,bdf2f5132e2930a7f9c07f2daf485e769ccfeb50eebe432478b5e157bb3c67c7,201437
T-007,Trumpet Flower,S1F-285,Trumpet Flower (Virginian/Carolina Jasmine),T:327,"Robert Tyas, The Sentiment of Flowers (1869)",Plate 4,n139,https://archive.org/details/sentimentofflowe00tyas/page/n139/mode/1up,https://archive.org/download/sentimentofflowe00tyas/page/n139.jpg,images/source-plates/tyas-1869/n139_plate-04.jpg,images/flower-crops/tyas-1869/t-007_trumpet-flower.jpg,"162,409,1168,1395",exact,,target-dominant crop,Underlying 1869 publication is public-domain-era; Internet Archive scan provenance retained. Recheck host/institution terms before redistribution.,78abee603053b6282c016359dc98cb70621b855863683150f9142456fe47182c,423869
T-008,China / Monthly Rose,S1F-048,China/Monthly Rose,T:076; T:209; T:281,"Robert Tyas, The Sentiment of Flowers (1869)",Plate 5,n210,https://archive.org/details/sentimentofflowe00tyas/page/n210/mode/1up,https://archive.org/download/sentimentofflowe00tyas/page/n210.jpg,images/source-plates/tyas-1869/n210_plate-05.jpg,images/flower-crops/tyas-1869/t-008_china-monthly-rose.jpg,"727,0,774,917",exact,,target-dominant crop,Underlying 1869 publication is public-domain-era; Internet Archive scan provenance retained. Recheck host/institution terms before redistribution.,816d65f14c7411aba19d1d8274432b90897c24481958611ed8a0324ef817766c,166825
T-009,Garden Pink,S1F-191,Pink,T:251,"Robert Tyas, The Sentiment of Flowers (1869)",Plate 5,n210,https://archive.org/details/sentimentofflowe00tyas/page/n210/mode/1up,https://archive.org/download/sentimentofflowe00tyas/page/n210.jpg,images/source-plates/tyas-1869/n210_plate-05.jpg,images/flower-crops/tyas-1869/t-009_garden-pink.jpg,"31,72,774,1013",probable,,target-dominant crop,Underlying 1869 publication is public-domain-era; Internet Archive scan provenance retained. Recheck host/institution terms before redistribution.,b80bd0db1e75e08fa3ba3d7215d9cf902c43209284915be5d0ccb2179af7f25f,177619
T-010,White Jasmine,S1F-140,Jasmine,T:169,"Robert Tyas, The Sentiment of Flowers (1869)",Plate 5,n210,https://archive.org/details/sentimentofflowe00tyas/page/n210/mode/1up,https://archive.org/download/sentimentofflowe00tyas/page/n210.jpg,images/source-plates/tyas-1869/n210_plate-05.jpg,images/flower-crops/tyas-1869/t-010_white-jasmine.jpg,"588,483,866,1158",probable,,target-dominant crop,Underlying 1869 publication is public-domain-era; Internet Archive scan provenance retained. Recheck host/institution terms before redistribution.,9bdd34d4c9777d8dd433db24455a4587ded35511984b9efd3ceb2f30bd17883c,295423
T-011,Purple Violet,S1F-030,Blue Violet,T:334,"Robert Tyas, The Sentiment of Flowers (1869)",Plate 5,n210,https://archive.org/details/sentimentofflowe00tyas/page/n210/mode/1up,https://archive.org/download/sentimentofflowe00tyas/page/n210.jpg,images/source-plates/tyas-1869/n210_plate-05.jpg,images/flower-crops/tyas-1869/t-011_purple-violet.jpg,"62,965,712,1038",probable,source row says blue violet,target-dominant crop,Underlying 1869 publication is public-domain-era; Internet Archive scan provenance retained. Recheck host/institution terms before redistribution.,b76910a8496232f5c2d6ea6ee237ef11d60bf0ae726dcb3f8f7753e830c1c232,224825
T-012,Dog Rose,S1F-317,Wild/Dog Rose,T:340,"Robert Tyas, The Sentiment of Flowers (1869)",Plate 6,n235,https://archive.org/details/sentimentofflowe00tyas/page/n235/mode/1up,https://archive.org/download/sentimentofflowe00tyas/page/n235.jpg,images/source-plates/tyas-1869/n235_plate-06.jpg,images/flower-crops/tyas-1869/t-012_dog-rose.jpg,"199,388,1025,1284",exact,,target-dominant crop,Underlying 1869 publication is public-domain-era; Internet Archive scan provenance retained. Recheck host/institution terms before redistribution.,e29f41f5345f606d65171d3c65e0bfc1cea233324d92f28fa1a82106e4a6a8dd,433367
T-013,Thrift,S1F-283,Thrift,T:321,"Robert Tyas, The Sentiment of Flowers (1869)",Plate 6,n235,https://archive.org/details/sentimentofflowe00tyas/page/n235/mode/1up,https://archive.org/download/sentimentofflowe00tyas/page/n235.jpg,images/source-plates/tyas-1869/n235_plate-06.jpg,images/flower-crops/tyas-1869/t-013_thrift.jpg,"275,1356,842,872",exact,,target-dominant crop,Underlying 1869 publication is public-domain-era; Internet Archive scan provenance retained. Recheck host/institution terms before redistribution.,72d606736ab21fd55903a447a052ca19d39fc96221be53c2fab71fc890e1213b,278130
T-014,Bindweed,S1F-025,Bindweed,T:043,"Robert Tyas, The Sentiment of Flowers (1869)",Plate 7,n306,https://archive.org/details/sentimentofflowe00tyas/page/n306/mode/1up,https://archive.org/download/sentimentofflowe00tyas/page/n306.jpg,images/source-plates/tyas-1869/n306_plate-07.jpg,images/flower-crops/tyas-1869/t-014_bindweed.jpg,"124,0,1182,1268",exact,target shares plate with other flowers,shared multi-flower crop,Underlying 1869 publication is public-domain-era; Internet Archive scan provenance retained. Recheck host/institution terms before redistribution.,993774955597173c5abdebf51e4a023f47b83938908a5f2c4c9b23619352b512,391853
T-015,Peruvian Heliotrope,S1F-188,Peruvian Heliotrope,T:246,"Robert Tyas, The Sentiment of Flowers (1869)",Plate 8,n318,https://archive.org/details/sentimentofflowe00tyas/page/n318/mode/1up,https://archive.org/download/sentimentofflowe00tyas/page/n318.jpg,images/source-plates/tyas-1869/n318_plate-08.jpg,images/flower-crops/tyas-1869/t-015_heliotrope.jpg,"633,0,795,792",exact,,target-dominant crop,Underlying 1869 publication is public-domain-era; Internet Archive scan provenance retained. Recheck host/institution terms before redistribution.,2cd43ab27a5f8edd8ce29e9541d851840c234bfb21a4a22731ca704b86ef0d3e,119619
T-016,Mignonette,S1F-170,Mignonette,T:204,"Robert Tyas, The Sentiment of Flowers (1869)",Plate 8,n318,https://archive.org/details/sentimentofflowe00tyas/page/n318/mode/1up,https://archive.org/download/sentimentofflowe00tyas/page/n318.jpg,images/source-plates/tyas-1869/n318_plate-08.jpg,images/flower-crops/tyas-1869/t-016_mignonette.jpg,"545,419,883,1631",exact,,target-dominant crop,Underlying 1869 publication is public-domain-era; Internet Archive scan provenance retained. Recheck host/institution terms before redistribution.,7d7fa809bfe520170d16104ffa653ea5c0193576b65105110be4e45cbe78ffaa,231111
T-017,Clove Pink,S1F-055,Clove Gillyflower,T:083,"Robert Tyas, The Sentiment of Flowers (1869)",Plate 8,n318,https://archive.org/details/sentimentofflowe00tyas/page/n318/mode/1up,https://archive.org/download/sentimentofflowe00tyas/page/n318.jpg,images/source-plates/tyas-1869/n318_plate-08.jpg,images/flower-crops/tyas-1869/t-017_clove-pink.jpg,"177,280,883,1118",possible,,target-dominant crop,Underlying 1869 publication is public-domain-era; Internet Archive scan provenance retained. Recheck host/institution terms before redistribution.,dbf74f717b5684411fc6b6cb59b5c621eb792f1d17687f5453a6c2f7c047fafe,265799
T-018,Geranium,S1F-111,Geranium,I:303; Tyas main-entry and Plate II evidence,"Robert Tyas, The Sentiment of Flowers (1869)",Plate 2 — Broom / Borage / Geranium,n049,https://archive.org/details/sentimentofflowe00tyas/page/n49/mode/1up,https://archive.org/download/sentimentofflowe00tyas/page/n49.jpg,images/source-plates/tyas-1869/n049_plate-02.jpg,images/flower-crops/tyas-1869/t-018_geranium.jpg,"157,595,1210,1285",exact,"Plate II and Tyas’s main “Admiration. Geranium.” entry identify Geranium, but the generic entry is absent from Tyas’s terminal list; Tyas is therefore plate evidence only and was not restored as a retained row.",target-dominant crop,Underlying 1869 publication is public-domain-era; Internet Archive scan provenance retained. Recheck host/institution terms before redistribution.,aeb4083039fa276480d0b2ea5f4056d21722184506b41970bfbb7d457ea51ca7,461256
