merged_id,canonical_flower_form,short_story_tr,visual_note_tr,meanings_with_sources,contexts_with_sources,source_records,asset_ids,image_paths,asset_confidences,turkish_source_bullets
S1F-010,Amaryllis,"Amarillis, özenli bakıma rağmen bazen çiçek vermeyi reddettiği için bahçıvanlarca ‘gururlu’ sayılır; buradan kibir ve mağrurluk anlamı doğar.",Hedef çiçek net veya baskın; mevcut kırpım görsel kullanım için uygun.,PRIDE [P:218] || Haughtiness. Pride [T:015],[P:218 | PRIDE] In all the liveries deck'd of summer's pride. || [T:015 | Haughtiness. Pride] Gardeners are said to call amaryllis proud because it may withhold its flowers despite attentive care (pp. 135–136).,P:218; T:015,P-012,images/flower-crops/phillips-1825/p-012_amaryllis.jpg,exact,"[P:218] Gurur — Kaynak yalnızca yaz mevsiminin gururla süslenişini anlatan kısa bir şiir dizesi verir; ayrıntılı bir hikâye sunmaz. || [T:015] Mağrurluk ve gurur — Bahçıvanlar, özenle bakılsa bile bazen çiçek açmayı reddeden amarillisi “gururlu” sayar."
S1F-014,Anemone,"Anemonun ömrünün rüzgârla kolayca kesilmesi, onu kırılganlık ve hastalıkla ilişkilendirir.",Anemon kümesi net; aynı levhadaki bazı komşu bitkiler de kadrajda.,SICKNESS [P:252],[P:252 | SICKNESS] The winds forbid the flow'rs to flourish long.,P:252,P-017,images/flower-crops/phillips-1825/p-017_anemone.jpg,exact,[P:252] Hastalık — Rüzgâr çiçeğin uzun süre yaşamasına izin vermez; bu kırılgan ve kısa ömürlü görünüş hastalıkla ilişkilendirilir.
S1F-025,Bindweed,"Tarlalarda yere yakın ilerleyen, sade fakat inatçı bir sarmaşıktır. Gösterişsiz görünüşü tevazuya bağlanır.",Hedef çiçek aynı kırpımda başka bitkilerle birlikte; tek başına bir botanik portre değil.,Humility [T:043],"[T:043 | Humility] Bindweed is described as a simple but troublesome perennial twiner in cornfields, its simplicity supplying the humility emblem (pp. 141–142).",T:043,T-014,images/flower-crops/tyas-1869/t-014_bindweed.jpg,exact,[T:043] Tevazu — Tarlalarda yetişen bu sade ve yere yakın sarmaşık gösterişsizdir; aynı zamanda inatçı bir yabani ot olması anlatının karşıt yönüdür.
S1F-028,Blue Periwinkle,"Rousseau, otuz yıl sonra yeniden gördüğü mavi cezayirmenekşesi sayesinde Madame de Warens’la ilgili gençlik anılarını bir anda hatırlar; çiçek bu yüzden eski dostluğun simgesidir.",Mavi çiçekler baskın; üst ve sağ kenarda kırmızı wood anemone parçaları da görünüyor.,Early friendship [I:537],[I:537 | Early friendship] Source-specific context: Ingram links Periwinkle with tender recollections through Rousseau's account of recognizing the flower after thirty years and recovering a vivid memory of Madame de Warens. (printed pp. 86–87).,I:537,I-008,images/flower-crops/ingram-1869/i-008_blue-periwinkle.jpg,exact,"[I:537] Eski dostluk — Rousseau, otuz yıl sonra yeniden gördüğü çiçek sayesinde Madame de Warens’la ilgili gençlik anılarını bir anda hatırlar."
S1F-030,Blue Violet,"Menekşe, yapraklarının altında saklanırken kokusuyla varlığını belli eder; bu yüzden tevazuya, başka bir gelenekteyse sadakate dönüşür.","Levha ‘Purple Violet’, kayıt ‘Blue Violet’ diyor; kimlik/renk eşleşmesi yalnızca olası.",Faithfulness [I:750] || Modesty [T:334],"[I:750 | Faithfulness] Source-specific context: Ingram presents Violet chiefly as modesty while acknowledging faithfulness as a rival meaning and surveys the flower's exceptional place in Greek identity, myth, and European poetry. (printed pp. 256–261). || [T:334 | Modesty] Blue violet hides its fragrant flower beneath low foliage, making modesty visible through scent without display (pp. 200–202).",I:750; T:334,T-011,images/flower-crops/tyas-1869/t-011_purple-violet.jpg,probable,"[I:750] Sadakat — Ingram menekşeyi daha çok tevazuyla ilişkilendirse de sadakati rakip bir anlam olarak kaydeder; Yunan kültürü, mitoloji ve Avrupa şiirindeki yerini anlatır. || [T:334] Tevazu — Mavi menekşe yaprakların altında saklanır, fakat kokusuyla varlığını belli eder; görünmeden hissedilmesi tevazuya dönüşür."
S1F-031,Borage,"Hodanın dikenli, tüylü ve buruşuk dış yüzü kaba veya açık sözlü tavrı; faydalı oluşuysa bu sert kabuğun ardındaki değeri temsil eder.",Hedef çiçek net veya baskın; mevcut kırpım görsel kullanım için uygun.,BLUNTNESS OR ROUGHNESS OF MANNERS [P:028] || Bluntness [T:048],"[P:028 | BLUNTNESS OR ROUGHNESS OF MANNERS] This stimulating plant, has its stalks and leaves covered with a rough hairy substance, and is therefore chosen for this emblem. || [T:048 | Bluntness] Borage’s prickly, hairy, wrinkled leaves are contrasted with the usefulness that makes its rough exterior forgivable (pp. 56–57).",P:028; T:048,T-002,images/flower-crops/tyas-1869/t-002_borage.jpg,exact,"[P:028] Kabalık veya sert davranış — Hodanın sap ve yapraklarındaki sert, tüylü yüzey bu anlamın doğrudan sebebidir. || [T:048] Açık sözlülük — Dikenli, tüylü ve buruşuk dış görünüş sertliği; bitkinin faydalı oluşuysa bu sert kabuğun ardındaki değeri temsil eder."
S1F-041,Cardinal S Flower,Parlak kırmızı çiçekleri kardinal giysisini çağrıştırdığı için bu bitki seçkinlik ve ayrımın simgesi sayılır.,"Kırmızı, uzun çiçek dizisi net ve baskın.",DISTINCTION [P:080],"[P:080 | DISTINCTION] This beautiful Mexican plant obtained the name of cardinal's flower from the bright red colour of its corollas, on which account we place it as the symbol of distinction.",P:080,P-018,images/flower-crops/phillips-1825/p-018_cardinals-flower.jpg,exact,[P:080] Seçkinlik — Meksika kökenli bitkinin parlak kırmızı çiçekleri kardinal giysisini çağrıştırır; adı ve anlamı bu renkten gelir.
S1F-048,China/Monthly Rose,"Çin ya da aylık gül, yıl boyunca tekrar tekrar çiçek açar. Sürekli yenilenen bu görünüş ‘daima yeni güzellik’ anlamını taşır.",Hedef çiçek net veya baskın; mevcut kırpım görsel kullanım için uygun.,Beauty always new [I:610; P:023] || Beauty ever new [T:076; T:209; T:281],"[I:610 | Beauty always new] Source-specific context: Ingram presents Rose as the universal emblem of love and builds an extensive literary, historical, religious, and mythological survey around its beauty, fragrance, colours, and varieties. (printed pp. 23–48). || [P:023 | BEAUTY ALWAYS NEW] The accompanying verse praises a rose that returns nature's gifts as incense and blooms through the seasons. || [T:076; T:209; T:281 | Beauty ever new] The monthly rose is praised for renewing its bloom over much of the year, and Tyas records its late-eighteenth-century arrival in cultivation (pp. 51–52).",I:610; P:023; T:076; T:209; T:281,T-008,images/flower-crops/tyas-1869/t-008_china-monthly-rose.jpg,exact,"[I:610] Daima yeni güzellik — Ingram gülü aşkın evrensel simgesi olarak ele alır; güzelliğini, kokusunu, renklerini ve çeşitlerini mitoloji, din, tarih ve şiir üzerinden anlatır. || [P:023] Daima yeni güzellik — Kısa şiir, doğanın armağanlarını güzel koku olarak geri veren ve mevsimler boyunca yeniden açan bir gülü över. || [T:076; T:209; T:281] Her zaman yenilenen güzellik — Aylık gül yılın büyük bölümünde tekrar çiçek açar; Tyas ayrıca bitkinin 18. yüzyılın sonlarında yetiştiriciliğe girişini anlatır."
S1F-053,Cistus Or Rock Rose,Kaya gülü burada ‘halkın beğenisi’ anlamına bağlanır; ancak kaynakta bunu geliştiren bir hikâyeden çok kısa bir şiir alıntısı vardır.,"Kaya gülü belirgin, fakat kompozisyonda komşu çiçekler de bulunuyor.",POPULAR FAVOUR [P:211],"[P:211 | POPULAR FAVOUR] Admire we then, Or popularity, or stars, or strings.",P:211,P-007,images/flower-crops/phillips-1825/p-007_cistus-rock-rose.jpg,exact,"[P:211] Halkın beğenisi — Kaynak yalnızca popülerlik, yıldızlar ve nişanlar üzerine kısa bir şiir dizesi verir; anlamı açıklayan gerçek bir hikâye yoktur."
S1F-055,Clove Gillyflower,"Kaynak, Moluk Adaları’ndaki şeflerin rütbelerini farklı sayıda karanfil çiçeğiyle göstermesini anlatır; çiçek böylece vakar ve mevki simgesine dönüşür.","Levha ‘Clove Pink’, kayıt ‘Clove Gillyflower’; tarihî terminoloji tam örtüşmüyor.",Dignity [T:083],"[T:083 | Dignity] The article connects dignity with Moluccan chiefs wearing differing numbers of clove flowers as marks of rank, then discusses the garden carnation substitute (pp. 83–84).",T:083,T-017,images/flower-crops/tyas-1869/t-017_clove-pink.jpg,possible,[T:083] Vakar ve mevki — Moluk Adaları’ndaki şeflerin rütbelerini üzerlerinde taşıdıkları farklı sayıda karanfil çiçeğiyle gösterdikleri anlatılır; ardından bahçe karanfili bunun yetiştirilen karşılığı olarak ele alınır.
S1F-060,Columbine,Hasekiküpesinin ‘budalalık’ anlamı için kaynaklar kesin değildir; çiçeğin tuhaf biçimi ve eski kırsal çağrışımları olası açıklamalar olarak aktarılır.,Hedef çiçek net veya baskın; mevcut kırpım görsel kullanım için uygun.,FOLLY [P:107; T:087],"[P:107 | FOLLY] And entwine The white, the blue, the flesh-like columbine. || [T:087 | Folly] Tyas admits uncertainty over columbine’s folly emblem and records competing explanations based on its form and long-standing rustic popularity (pp. 114–115).",P:107; T:087,P-009,images/flower-crops/phillips-1825/p-009_columbine.jpg,exact,"[P:107] Budalalık — Kaynak beyaz, mavi ve ten renkli hasekiküpelerini sıralayan kısa bir şiir verir; anlamın sebebini açıklamaz. || [T:087] Budalalık — Tyas anlamın kökeninden emin olmadığını açıkça söyler; çiçeğin tuhaf biçimi ve eski kırsal yaygınlığı olası açıklamalar olarak aktarılır."
S1F-065,Cornflower (Blue-Bottle Centaury),"Peygamber çiçeğinin narin mavi görünüşü inceliğe bağlanır. Cycinus’un çelenkleri, aşk falında kullanılması ve boya elde edilmesi de anlatılır.",Peygamber çiçeği belirgin; üst kenarda gelincikten bir parça kalıyor.,Delicacy [I:196; P:070; T:046],"[I:196 | Delicacy] Source-specific context: Ingram links Cornflower with delicacy, recounts the Cycinus garland-maker tradition, and describes its blue bloom as a flower used in love divination and pigment making. (printed pp. 298–299). || [P:070 | DELICACY] There is a flower, a purple flower Sown by the wind, nursed by the shower. || [T:046 | Delicacy] The flower’s sky-blue colour supports delicacy, while a fable derives Cyanus from a youth devoted to gathering cornflowers (pp. 77–78).",I:196; P:070; T:046,I-004,images/flower-crops/ingram-1869/i-004_cornflower.jpg,exact,[I:196] İncelik — Narin mavi çiçek Cycinus adlı çelenk ustasının anlatısına bağlanır; ayrıca aşk falında ve boya yapımında kullanıldığı söylenir. || [P:070] İncelik — Kaynak yalnızca rüzgârın ektiği ve yağmurun büyüttüğü mor bir çiçeği anlatan kısa bir şiir verir. || [T:046] İncelik — Gökyüzü mavisi renk bu anlamı destekler; bir efsane çiçeğin adını sürekli peygamberçiçeği toplayan Cyanus adlı gençten türetir.
S1F-067,Cowslip,"Eğik başı ve kırılgan görünüşü düşünceli bir gence benzetilir; erken açması genç güzelliği, çabuk solmasıysa genç yaşta kaybı çağrıştırır.","Çuha çiçeği seçilebiliyor, fakat çevresindeki fundalar kompozisyonun parçası.",Pensiveness. Winning grace. Youthful beauty [I:200] || PENSIVENESS [P:202],"[I:200 | Pensiveness. Winning grace. Youthful beauty] Source-specific context: Ingram links the fragile, drooping Cowslip with youthful beauty and traces that association through older English poetry, especially imagery of youth, frailty, and early death. (printed pp. 158–160). || [P:202 | PENSIVENESS] Poetic descriptions of the cowslip's drooping, pensive head and melancholy love underlie the emblem.",I:200; P:202,P-013,images/flower-crops/phillips-1825/p-013_cowslip.jpg,exact,"[I:200] Düşüncelilik, zarafet ve genç güzellik — Eğik başlı, kırılgan çiçek eski İngiliz şiirinde gençlik, narinlik ve erken ölümle ilişkilendirilir. || [P:202] Düşüncelilik — Çuha çiçeğinin aşağı eğilen başı, düşünceli görünüşü ve hüzünlü aşkı anlatan şiirler bu anlamın temelidir."
S1F-074,Daisy,"Gün doğarken açılıp gün batarken kapanan “günün gözü” papatya, çocukların ilk çiçek oyunlarıyla da birleşerek masumiyeti temsil eder.","Papatyalar net, fakat tek bitki portresi yerine süslemeli bir çiçek kompozisyonu oluşturuyor.",Innocence [I:221; P:154; T:101],"[I:221 | Innocence] Source-specific context: Ingram treats Daisy as innocence and explains its exceptional poetic popularity through its persistence, its old name day's-eye, and its Marguerite associations in French courtly symbolism. (printed pp. 266–268). || [P:154 | INNOCENCE] The daisy represents innocence because it forms one of infancy's earliest floral amusements. || [T:101 | Innocence] The name daisy is derived from day’s eye because the blossom opens at daybreak and closes at sunset (pp. 166–174).",I:221; P:154; T:101,P-019,images/flower-crops/phillips-1825/p-019_daisy.jpg,exact,"[I:221] Masumiyet — Papatyanın dayanıklılığı, eski “günün gözü” adı ve Fransız saray geleneğindeki Marguerite çağrışımları şiirdeki güçlü yerini açıklar. || [P:154] Masumiyet — Çocukların ilk çiçek oyunlarından birinde papatyayı kullanması bu anlamın sebebidir. || [T:101] Masumiyet — “Günün gözü” adı, çiçeğin gün doğarken açılıp gün batarken kapanmasından gelir."
S1F-090,Evergreen Clematis,"Phillips, yoksulluğu dostluğun samimiyetini tartan bir terazi gibi anlatır; Ingram ise akasma ailesinin eski adlarını ve yapay yara üretmekte kullanılmasına bağlanan hile anlatısını aktarır.","Bitki, kalabalık levhanın sağındaki ince bir dal olarak görünüyor; görsel okunabilir ama dar.",Poverty [I:169; I:259; P:212],"[I:169; I:259 | Poverty] Source-specific context: Ingram explains Clematis as artifice through the reported use of its irritating twigs to simulate sores, while recording names such as Traveller's Joy, Virgin's-bower, and Old Man's Beard. (printed pp. 242–243). || [P:212 | POVERTY] This plant represents in floral language the scale which weighs the sincerity of friendship.",I:169; I:259; P:212,P-020,images/flower-crops/phillips-1825/p-020_evergreen-clematis.jpg,exact,"[I:169; I:259] Yoksulluk kaydı; anlatıda hile — Kayıt anlamı yoksulluk olsa da Ingram’ın metni, tahriş edici akasma dallarıyla sahte yaralar oluşturulmasını ve bitkinin eski adlarını anlatır. Bu nedenle kaynak verisinde anlam ile gerekçe tam örtüşmez. || [P:212] Yoksulluk — Bitki, dostluğun ne kadar samimi olduğunu tartan bir teraziye benzetilir."
S1F-092,Everlasting Pea,"Her yıl yeniden çiçeklenen çok yıllık bezelye, güzelliğin tekrar tekrar geri gelmesi nedeniyle ‘kalıcı haz’ simgesidir.",Hedef çiçek net veya baskın; mevcut kırpım görsel kullanım için uygun.,LASTING PLEASURE [P:164],[P:164 | LASTING PLEASURE] The perennial everlasting pea represents lasting pleasure because its beautiful flower clusters are renewed every year.,P:164,P-011,images/flower-crops/phillips-1825/p-011_everlasting-pea.jpg,exact,[P:164] Kalıcı haz — Çok yıllık bezelyenin güzel çiçek kümeleri her yıl yeniden ortaya çıkar; tekrar eden güzellik kalıcı hazza bağlanır.
S1F-096,Fly Orchis,"Sinek orkidesi, Flora’nın sapın üzerine çiçek yerine yanlışlıkla sinekler serpiştirmiş gibi görünmesi nedeniyle ‘hata’ anlamını alır.",Hedef çiçek net veya baskın; mevcut kırpım görsel kullanım için uygun.,ERROR [P:092],[P:092 | ERROR] The fly orchis is treated as though Flora mistakenly sprinkled a stem with flies instead of flowers.,P:092,P-008,images/flower-crops/phillips-1825/p-008_fly-orchis.jpg,exact,"[P:092] Hata — Sinek orkidesi, Flora çiçek yerine sapın üzerine yanlışlıkla sinekler serpiştirmiş gibi göründüğü için bu anlamı alır."
S1F-097,Forget-me-not,Tuna kıyısındaki efsanede boğulmak üzere olan şövalye çiçeği sevgilisine atar ve son kez ‘beni unutma’ der. Çiçeğin adı ve anma anlamı bu sahneye bağlanır.,Hedef çiçek net veya baskın; mevcut kırpım görsel kullanım için uygun.,Forget-me-not [I:282; P:110; T:225],"[I:282 | Forget-me-not] Source-specific context: Ingram recounts the German Danube legend in which a drowning knight throws the flower to his beloved with a final plea not to forget him, grounding the flower's memorial meaning. (printed pp. 172–176). || [P:110 | FORGET ME NOT] Its celebration in German love songs as Vergiss mich nicht led European sonnet writers to adopt the plant as the emblem 'forget me not.' || [T:225 | Forget-me-not,] The forget-me-not treatment gives the botanical heading *Myosotis scorpioides* and recounts the lovers’ waterside legend used to explain its name (pp. 117–120).",I:282; P:110; T:225,T-006,images/flower-crops/tyas-1869/t-006_forget-me-not.jpg,exact,"[I:282] Beni unutma — Tuna kıyısındaki Alman efsanesinde boğulmak üzere olan şövalye çiçeği sevgilisine atar ve son kez kendisini unutmamasını ister. || [P:110] Beni unutma — Almanca aşk şarkılarındaki “Vergiss mich nicht” adı Avrupa’daki sone yazarları tarafından aynı anlamla benimsenir. || [T:225] Beni unutma — Myosotis scorpioides adı verilir ve çiçeğin ismini açıklayan, su kıyısındaki iki sevgili efsanesi yeniden anlatılır."
S1F-098,Foxglove,Parlak çiçeğinin içinde zehir taşıması yüksükotunu samimiyetsizliğin simgesi yapar; başka bir kaynak tüylü sapını gençlikle ilişkilendirir.,Hedef çiçek net veya baskın; mevcut kırpım görsel kullanım için uygun.,Insincerity [I:283] || YOUTH [P:309],"[I:283 | Insincerity] Source-specific context: Ingram links Foxglove with insincerity because poison lies within its bright blossom, while tracing finger-and-glove imagery in its names and English poetry. (printed pp. 231–232). || [P:309 | YOUTH] The light down covering the foxglove's stalks led poets to make it an emblem of youth.",I:283; P:309,P-004,images/flower-crops/phillips-1825/p-004_foxglove.jpg,exact,[I:283] Samimiyetsizlik — Parlak çiçeğin içinde zehir bulunması dış görünüş ile iç gerçeklik arasındaki çelişkiyi kurar; parmak ve eldiven çağrışımlı eski adları da anlatılır. || [P:309] Gençlik — Yüksükotunun saplarını kaplayan hafif tüyler şairler tarafından gençliğe benzetilir.
S1F-103,Fuchsia,"Küpe çiçeğinin sarkan kırmızı çiçekleri, mor ve açık yeşil tonları ile altın renkli ayrıntıları yetişmiş bir estetik zevkin örneği sayılır.",Hedef çiçek net veya baskın; mevcut kırpım görsel kullanım için uygun.,Taste [T:131],"[T:131 | Taste] The fuchsia’s hanging crimson flowers, purple or pale-green shading, and golden reproductive parts are praised as an example of cultivated taste (pp. 270–272).",T:131,T-005,images/flower-crops/tyas-1869/t-005_fuchsia.jpg,exact,"[T:131] Zevk sahibi olma — Sarkan kırmızı çiçekler, mor veya açık yeşil gölgeler ve altın renkli üreme organları gelişmiş bir estetik zevkin örneği sayılır."
S1F-105,Full Blown Rose,Tam açmış gül doğrudan güzelliğe bağlanır; kaynak bağlamı esas olarak kadın güzelliğini güle benzeten kısa bir şiirdir.,Hedef çiçek net veya baskın; mevcut kırpım görsel kullanım için uygun.,BEAUTY [P:022],[P:022 | BEAUTY] for to thee it is That passion likens woman's loveliness.,P:022,P-002,images/flower-crops/phillips-1825/p-002_full-blown-rose.jpg,exact,[P:022] Güzellik — Kaynak kadın güzelliğini tam açmış güle benzeten tek bir şiir dizesi verir; ek bir hikâye veya gerekçe yoktur.
S1F-111,Geranium,"Ingram, sardunya cinsini genel olarak aldatmayla ilişkilendirir; çok sayıdaki çeşidin ayrı anlamlar taşıdığını ve turnagagası benzeri adların nereden geldiğini açıklar.",Sardunya büyük ve baskın; arka planda aynı levhadaki başka çiçekler bulunuyor.,Deceit [I:303],"[I:303 | Deceit] Source-specific context: Ingram assigns deceit to the Geranium genus while emphasizing that its many varieties carry distinct meanings, and explains the crane's-bill, stork's-bill, and heron's-bill names. (printed pp. 146–147).",I:303,T-018,images/flower-crops/tyas-1869/t-018_geranium.jpg,exact,"[I:303] Aldatma — Ingram sardunya cinsini genel olarak aldatmayla ilişkilendirir; çeşitlerin ayrı anlamlar taşıdığını ve turnagagası, leylekgagası, balıkçılgagası gibi adların kökenini açıklar."
S1F-132,Honeysuckle,"Hanımelinin esnek dallarla yaşlı bir meşeye sarılması, zamanla güçlenen ve kolay kopmayan sevgi bağlarının görüntüsüne dönüşür.",Hanımeli geniş ve çok çiçekli levhada; hedef tek başına izole edilemiyor.,BOND OF LOVE [P:032] || Bonds of love [T:151],"[P:032 | BOND OF LOVE] So doth the woodbine, the sweet honeysuckle Gently entwine. || [T:151 | Bonds of love] Honeysuckle winding its flexible branches around an old oak becomes the article’s image for enduring bonds of love (pp. 57–59).",P:032; T:151,P-003,images/flower-crops/phillips-1825/p-003_honeysuckle.jpg,exact,"[P:032] Sevgi bağı — Kısa şiir hanımelinin nazikçe sarılışını anlatır. || [T:151] Sevgi bağları — Hanımelinin esnek dallarla yaşlı bir meşeye sarılması, zamanla güçlenen ve kolay kopmayan bir sevgi bağının görüntüsüne dönüşür."
S1F-140,Jasmine,Yasemin hoş kokusu ve farklı çeşitleriyle sevecenlik ve uyumluluğu temsil eder; kaynaklar yayılışını ve çelik ya da daldırmayla çoğaltılmasını da anlatır.,Hedef çiçek net veya baskın; mevcut kırpım görsel kullanım için uygun.,Amiability [I:380; T:169],"[I:380 | Amiability] Source-specific context: Ingram favors amiability among Jasmine's many meanings, then distinguishes several fragrant varieties and recounts the plant's introduction and literary reputation. (printed pp. 68–71). || [T:169 | Amiability] Tyas notes jasmine’s inability to ripen seed locally and explains propagation by layering branches or taking cuttings (pp. 34–37).",I:380; T:169,I-003; T-010,images/flower-crops/ingram-1869/i-003_jasmine.jpg; images/flower-crops/tyas-1869/t-010_white-jasmine.jpg,exact; probable,"[I:380] Sevecenlik — Ingram yaseminin farklı anlamları arasından sevecenliği seçer; kokulu çeşitlerini, bitkinin ülkeye girişini ve edebiyattaki ününü anlatır. || [T:169] Sevecenlik — Yaseminin yerel iklimde tohum olgunlaştıramaması ve dalları toprağa yatırma ya da çelik alma yoluyla çoğaltılması anlatılır."
S1F-141,Jonquil,"Kamışa benzeyen yaprakları ve küçük bir odayı dolduracak kadar güçlü kokusuyla jonquil, arzuya bağlanır.",Sarı jonquiller net; kenarlarda komşu levha bitkilerinden küçük parçalar var.,Desire [T:170],[T:170 | Desire] Jonquil is distinguished by rush-like foliage and a fragrance strong enough to overwhelm a moderate-sized room (pp. 80–81).,T:170,P-021,images/flower-crops/phillips-1825/p-021_jonquil.jpg,exact,[T:170] Arzu — Kamışa benzeyen yaprakları ve orta büyüklükte bir odayı dolduracak kadar güçlü kokusu çiçeğin ayırt edici özellikleri olarak verilir.
S1F-153,Lily Of The Valley,"Gölgeli vadilerde baharla birlikte yeniden beliren ve kokusunu yayan müge, kıştan sonra mutluluğun geri dönmesini temsil eder.",Hedef çiçek net veya baskın; mevcut kırpım görsel kullanım için uygun.,Return of happiness. Unconscious sweetness [I:422] || RETURN OF HAPPINESS [P:240; T:184],"[I:422 | Return of happiness. Unconscious sweetness] Source-specific context: Ingram links Lily of the Valley with the return of happiness through its spring appearance and records names such as May Lily and Ladder to Heaven. (printed pp. 286–287). || [P:240 | RETURN OF HAPPINESS] In sweet seclusion seems to shrink from view, — You of the valley nam'd, no longer hide Your blossoms meet to twine the brow of purest bride. || [T:184 | Return of happiness] The lily of the valley is placed in shaded valleys, oak woods, and cool stream banks; its early-May return and perfume are made signs of renewed happiness (pp. 241–243).",I:422; P:240; T:184,I-006,images/flower-crops/ingram-1869/i-006_lily-of-the-valley.jpg,exact,"[I:422] Mutluluğun dönüşü ve farkında olunmayan tatlılık — Baharda yeniden beliren müge mutluluğun dönüşüne bağlanır; Mayıs zambağı ve cennete merdiven gibi eski adları da kaydedilir. || [P:240] Mutluluğun dönüşü — Kısa şiir, vadide saklanan çiçeği ortaya çıkmaya ve saf bir gelinin tacına katılmaya çağırır. || [T:184] Mutluluğun dönüşü — Gölgeli vadilerde, meşe ormanlarında ve serin dere kıyılarında mayıs başında yeniden açıp koku yayması yenilenen mutluluğun işareti sayılır."
S1F-170,Mignonette,Muhabbet çiçeği gösterişsizdir ama güçlü kokuludur; bu karşıtlık ‘niteliklerin güzelliğinden üstün’ fikrine ve Amelia–Charlotte anlatısına bağlanır.,Hedef çiçek net veya baskın; mevcut kırpım görsel kullanım için uygun.,Your qualities surpass your charms [I:466; P:307; T:204],"[I:466 | Your qualities surpass your charms] Source-specific context: Ingram interprets Mignonette as qualities surpassing charms, contrasting its modest appearance with a fragrance that carried garden pleasure into urban homes and workrooms. (printed p. 279). || [P:307 | YOUR QUALITIES SURPASS YOUR CHARMS] The unassuming yet fragrant mignonette of Egyptian sands inspired the motto that one's qualities surpass one's charms, through a story cited from Flora Historica. || [T:204 | Your qualities surpass your charms] Tyas follows the flower’s fragrance from princely parterre to cottage and London balcony, then develops the sentiment through the Amelia/Charlotte narrative (pp. 288–292).",I:466; P:307; T:204,T-016,images/flower-crops/tyas-1869/t-016_mignonette.jpg,exact,"[I:466] Niteliklerin güzelliğinden üstün — Gösterişsiz görünüş ile şehir evlerine ve işliklere kadar yayılan güçlü koku arasındaki karşıtlık anlamın temelidir. || [P:307] Niteliklerin güzelliğinden üstün — Mısır kumlarından geldiği söylenen sade fakat kokulu çiçek, Flora Historica’dan aktarılan bir hikâyede bu söze ilham verir. || [T:204] Niteliklerin güzelliğinden üstün — Kokusunun saray bahçesinden kır evine ve Londra balkonuna yayılması anlatılır; ardından anlam Amelia ile Charlotte’un hikâyesiyle geliştirilir."
S1F-181,Pansy,"Pansy adı Fransızca pensée, yani ‘düşünce’ sözcüğüne bağlanır. Shakespeare ve çiçek dilinde hatırlama, düşünme ve ‘beni düşün’ mesajını taşır.",Hedef çiçek net veya baskın; mevcut kırpım görsel kullanım için uygun.,"Thoughts [I:331; I:522] || THOUGHTS. YOU OCCUPY MY THOUGHTS ; OR, PENSEZ A MOI [P:276] || Think of me [T:142; T:240]","[I:331; I:522 | Thoughts] Source-specific context: Ingram links Heart's-ease or pansy with thought and remembrance through the French pensée and Shakespeare's floral symbolism, while contrasting its rich colours with the violet's fragrance. (printed pp. 165–169). || [P:276 | THOUGHTS. YOU OCCUPY MY THOUGHTS ; OR, PENSEZ A MOI] The entry connects pansy's names—thought, heart's ease, and forget-me-not—with remembrance and notes the flower's many varied forms. || [T:142; T:240 | Think of me] The name pansy is traced to the French pensée, meaning thought (pp. 275–276).",I:331; I:522; P:276; T:142; T:240,P-015,images/flower-crops/phillips-1825/p-015_pansy.jpg,exact,"[I:331; I:522] Düşünceler — Heart’s-ease ve pansy adları Fransızca pensée sözcüğüne ve Shakespeare’in çiçek simgelerine bağlanır; zengin renkleri menekşenin kokusuyla karşılaştırılır. || [P:276] Düşünceler; aklımdasın — Pansy’nin “düşünce”, “gönül ferahlığı” ve “beni unutma” gibi adları hatırlamayla ilişkilendirilir; çok sayıdaki biçimi de anlatılır. || [T:142; T:240] Beni düşün — Pansy adının “düşünce” anlamındaki Fransızca pensée sözcüğünden geldiği açıklanır."
S1F-184,Passion Flower,"Çarkıfeleğin parçaları Hristiyan geleneğinde İsa’nın çilesinin araç ve işaretlerine benzetilir; dik durduğunda inanç, ters yorumlandığında batıl inanç anlamı verilir.",Hedef çiçek net veya baskın; mevcut kırpım görsel kullanım için uygun.,"Religious superstition, when the flower is reversed, or Faith if erect [I:525] || RELIGIOUS SUPERSTITION [P:233]","[I:525 | Religious superstition, when the flower is reversed, or Faith if erect] Source-specific context: Ingram presents Passion Flower as faith through the Christian interpretation of its floral structures as instruments and signs of the Passion, first emphasized by Spanish observers in South America. (printed pp. 304–305). || [P:233 | RELIGIOUS SUPERSTITION] Some fair enthusiast views the sainted flower.",I:525; P:233,I-007,images/flower-crops/ingram-1869/i-007_passion-flower.jpg,exact,"[I:525] Dikse inanç, tersse dinî batıl inanç — Çarkıfeleğin bölümleri İsa’nın çilesindeki araç ve işaretlere benzetilir; bu yorumun Güney Amerika’daki İspanyol gözlemcilerle yayıldığı anlatılır. || [P:233] Dinî batıl inanç — Kaynak yalnızca coşkulu bir kişinin kutsal sayılan çiçeğe bakışını anlatan kısa bir şiir dizesi verir."
S1F-188,Peruvian Heliotrope,"Güneşe döndüğüne inanılan heliotrop, Clytie’nin Apollo’ya değişmeyen aşkıyla özdeşleşir; bağlılık, aşk ve bazen tutkuya kapılma anlamlarını bir araya getirir.",Hedef çiçek net veya baskın; mevcut kırpım görsel kullanım için uygun.,Devotion [I:541] || INTOXICATED WITH PLEASURE [P:157] || I love you. Infatuation [T:246],"[I:541 | Devotion] Source-specific context: Ingram links Heliotrope with devoted attachment through the belief that it turns toward the sun and the myth of Clytie's unchanging love for Apollo. (printed pp. 112–113). || [P:157 | INTOXICATED WITH PLEASURE] The botanist who found this fragrant flower in the Cordilleras is described as intoxicated with delight; its later value in France reinforces the emblem. || [T:246 | I love you. Infatuation] The article describes the Peruvian evergreen’s lilac flowers and intoxicating perfume, then relates the long narrative of Countess Eleanora of Denmark (pp. 151–154).",I:541; P:157; T:246,T-015,images/flower-crops/tyas-1869/t-015_heliotrope.jpg,exact,"[I:541] Bağlılık — Güneşe döndüğüne inanılan heliotrop, Clytie’nin Apollo’ya değişmeyen aşkıyla özdeşleştirilir. || [P:157] Hazla sarhoş olma — Cordillera’da kokulu çiçeği bulan botanikçinin sevinçten kendinden geçtiği; çiçeğin Fransa’da sonradan değer kazanmasının da bu anlamı güçlendirdiği anlatılır. || [T:246] Seni seviyorum; tutkuya kapılma — Leylak renkli çiçekler ve baş döndürücü koku tanıtıldıktan sonra Danimarkalı Kontes Eleanora’nın uzun hikâyesi aktarılır."
S1F-191,Pink,"Bahçe karanfilinin yetiştirildikçe katmerlenmesi ve çok sayıda renge bürünmesi canlı, saf sevgiyi; başka bir kaynakta cesareti çağrıştırır.","Levhadaki ‘Garden Pink’ ile genel ‘Pink’ kaydının eşleşmesi olası, kesin değil.",Boldness [I:551] || Lively and pure affection [T:251],"[I:551 | Boldness] Source-specific context: Ingram links Pink with pure love, explains its classical names as the divine or Jove's flower, and distinguishes smaller pinks and gillyflowers from larger carnations. (printed pp. 142–143). || [T:251 | Lively and pure affection] Cultivation is said to double the pink’s petals and create extensive colour variation from a simple red or white wild form (pp. 186–188).",I:551; T:251,T-009,images/flower-crops/tyas-1869/t-009_garden-pink.jpg,probable,[I:551] Cesaret — Ingram anlamı saf sevgi üzerinden açıklar; klasik adlarını tanrısal çiçek veya Jüpiter’in çiçeği olarak verir ve küçük pink türlerini büyük karanfillerden ayırır. Kaydedilen anlam ile anlatı tam örtüşmez. || [T:251] Canlı ve saf sevgi — Yetiştirme sonucunda taç yaprakların katmerlendiği ve sade kırmızı ya da beyaz yabani biçimden çok sayıda renk elde edildiği anlatılır.
S1F-198,Poppy,"Gelinciğin ağrı dindirip uyku getiren özsuyu, hastaya teselli ve uykunun rahatlığı anlamlarını doğurur; eski anlatılarda uyku tanrısının tacında da gelincikler vardır.",Kırmızı gelincik baskın; altta mavi peygamberçiçeği de görünüyor.,CONSOLATION TO THE SICK [P:051] || Consolation of sleep [T:262],"[P:051 | CONSOLATION TO THE SICK] In floral language, the poppy is made the symbol of consolation to the sick, since it procures ease and sleep to the restless invalid. || [T:262 | Consolation of sleep] Poppy’s pain-relieving narcotic juice is linked with sleep, and ancients are said to have crowned the god of sleep with poppies (pp. 70–71).",P:051; T:262,I-009,images/flower-crops/ingram-1869/i-009_poppy.jpg,exact,[P:051] Hastaya teselli — Gelincik huzursuz hastaya rahatlık ve uyku sağladığı için teselli simgesi yapılır. || [T:262] Uykunun tesellisi — Ağrı dindiren uyuşturucu özsu uykuya bağlanır; eski insanların uyku tanrısını gelinciklerle taçlandırdığı söylenir.
S1F-199,Primrose,Kar çekilirken erken açan soluk ve kırılgan çuha çiçeği gençliği müjdeler; aynı kırılganlık genç yaşta ölüm ve hüzün çağrışımını da taşır.,Çuha çiçeği fundalık ve menekşeyle aynı tarihî kompozisyonda.,Early youth and sadness [I:581] || EARLY YOUTH [P:085; T:265],"[I:581 | Early youth and sadness] Source-specific context: Ingram presents Primrose as youth and supports the association with English poetry that treats the early, pale, fragile flower as an emblem of young life and early death. (printed pp. 262–265). || [P:085 | EARLY YOUTH] The primrose represents the age between childhood and womanhood: an early blossom whose delicate perfume and modest colour attend the path to summer. || [T:265 | Early youth] Primrose appears through retreating winter snow and announces spring, providing the transition into early youth (pp. 90–93).",I:581; P:085; T:265,I-005,images/flower-crops/ingram-1869/i-005_primrose.jpg,exact,"[I:581] Erken gençlik ve hüzün — Erken açan soluk, kırılgan çiçek İngiliz şiirinde genç yaşamı ve genç yaşta ölümü temsil eder. || [P:085] Erken gençlik — Çocukluk ile yetişkin kadınlık arasındaki dönem, yaz yolunu hazırlayan erken çiçeğin hafif kokusu ve mütevazı rengiyle anlatılır. || [T:265] Erken gençlik — Geri çekilen kış karının içinden çıkıp baharı haber vermesi gençliğe geçişin simgesi olur."
S1F-216,Rhododendron,Ormangülü ‘tehlike’ anlamını taşır; fakat kaynak bunu açıklayan ayrıntılı bir hikâye yerine dağlarda hükmeden bitkiyi anlatan kısa bir dize verir.,Hedef çiçek net veya baskın; mevcut kırpım görsel kullanım için uygun.,DANGER [P:060],"[P:060 | DANGER] O'er pine-clad hills, and dusky plains, In silent state rhododendron reigns.",P:060,P-006,images/flower-crops/phillips-1825/p-006_rhododendron.jpg,exact,[P:060] Tehlike — Kaynak yalnızca çamlarla kaplı tepeler ve karanlık ovalar üzerinde sessizce hükmeden ormangülünü anlatan kısa bir şiir verir; tehlike anlamını açıklamaz.
S1F-218,Rose,"Gül, aşkın evrensel simgesi olarak mitoloji, din, şiir, renk ve kokuyla birlikte uzun uzun ele alınır; kısa süreli kusursuzluğu ve her bahar yenilenmesi güzellik fikrini güçlendirir.",Hedef çiçek net veya baskın; mevcut kırpım görsel kullanım için uygun.,"Love [I:603] || GENTEEL, PRETTY [P:119] || Beauty [T:280]","[I:603 | Love] Source-specific context: Ingram presents Rose as the universal emblem of love and builds an extensive literary, historical, religious, and mythological survey around its beauty, fragrance, colours, and varieties. (printed pp. 23–48). || [P:119 | GENTEEL, PRETTY] This compact, pretty little offspring of the provins rose, comes about as near to its parent as the term genteel does to elegant, or pretty to beautiful. || [T:280 | Beauty] Tyas emphasizes the rose’s worldwide abundance and its brief perfection before fading, alongside its repeated renewal each spring (pp. 44–51).",I:603; P:119; T:280,I-001; I-002; T-001,images/flower-crops/ingram-1869/i-001_rose.jpg; images/flower-crops/ingram-1869/i-002_rose-secondary.jpg; images/flower-crops/tyas-1869/t-001_rose.jpg,exact; exact; exact,"[I:603] Aşk — Ingram gülü aşkın evrensel simgesi olarak ele alır; güzellik, koku, renk ve çeşitlerini tarih, din, mitoloji ve şiir üzerinden uzun uzun anlatır. || [P:119] Zarif ve güzel — Küçük pompon gül, ana Provence gülüne; “zarif” sözcüğünün “şık”a ve “güzel”in “çok güzel”e yakınlığı kadar benzer görülür. || [T:280] Güzellik — Gülün dünyadaki yaygınlığı, solmadan önceki kısa kusursuzluğu ve her bahar yeniden ortaya çıkması anlatılır."
S1F-253,Snowdrop,"Kışın karı delerek diğer çiçeklerden önce çıkan kardelen, zor zamanda umut ve teselliyi görünür kılar.",Hedef çiçek net veya baskın; mevcut kırpım görsel kullanım için uygun.,Hope [I:666] || CONSOLATION [P:050; T:302],[I:666 | Hope] Source-specific context: Ingram presents Snowdrop chiefly as hope and friendship in adversity because its fragile bloom rises through winter frost and snow before other wild flowers. (printed pp. 156–157). || [P:050 | CONSOLATION] Phillips explains the snow-drop as the first flower to awaken after winter and includes literary quotations. || [T:302 | Consolation] The French name perce-neige is explained by the flower piercing snow while the landscape remains wintry (pp. 68–70).,I:666; P:050; T:302,P-014,images/flower-crops/phillips-1825/p-014_snowdrop.jpg,exact,"[I:666] Umut — Narin kardelen diğer yabani çiçeklerden önce don ve karın içinden yükselir; bu yüzden zor zamanda umut ve dostluğu temsil eder. || [P:050] Teselli — Kıştan sonra uyanan ilk çiçek olarak gösterilir ve bu fikir edebî alıntılarla desteklenir. || [T:302] Teselli — Fransızca perce-neige adı, manzara hâlâ kış içindeyken çiçeğin karı delerek çıkmasıyla açıklanır."
S1F-255,Spanish Jasmine,Yoğun kokulu İspanyol yasemini ölçüsüz duyusal haz arzusuyla ilişkilendirilir; Phillips bu arzunun gençliği erken yaşlandırdığı konusunda uyarır.,Açık renkli yaseminler seçilebilir; kalabalık levhadaki komşu bitkiler de kadrajda.,Sensuality [I:384; I:671; P:248],"[I:384; I:671 | Sensuality] Source-specific context: Ingram favors amiability among Jasmine's many meanings, then distinguishes several fragrant varieties and recounts the plant's introduction and literary reputation. (printed pp. 68–71). || [P:248 | SENSUALITY] The highly fragrant Spanish jasmine represents immoderate desire for sensual gratification; the text warns that sensual youth ends in premature age and infirmity.",I:384; I:671; P:248,P-022,images/flower-crops/phillips-1825/p-022_spanish-jasmine.jpg,exact,"[I:384; I:671] Duyusallık kaydı; anlatıda sevecenlik — Ingram metni yaseminin farklı anlamları arasından sevecenliği seçer; kokulu çeşitleri, bitkinin gelişi ve edebiyattaki ününü anlatır. Bu nedenle kayıt anlamı ile gerekçe tam örtüşmez. || [P:248] Duyusallık — Çok yoğun kokulu İspanyol yasemini ölçüsüz duyusal haz arzusunu temsil eder; metin bu arzunun gençliği erken yaşlandırdığı ve güçten düşürdüğü konusunda uyarır."
S1F-265,Sunflower,"Altından ayçiçeği takıları kullanan Peru güneş hizmetkârları üzerinden, gösterişli fakat yararsız zenginlik ile yaşamı besleyen gerçek servet karşılaştırılır.",Büyük sarı ayçiçeği net ve baskın.,FALSE RICHES [P:096; T:312],"[P:096 | FALSE RICHES] Uplift, proud sun-flower, to thy favorite orb That disk whereon his brightness loves to dwell ; And as thou seem'st his radiance to absorb. || [T:312 | False riches] Ancient Peruvian sun attendants wore gold sunflower imitations, while Tyas contrasts such display with useful, life-sustaining wealth (pp. 106–109).",P:096; T:312,P-023,images/flower-crops/phillips-1825/p-023_sunflower.jpg,exact,"[P:096] Sahte zenginlik — Kaynak, yüzünü güneşe kaldırıp ışığını emiyor gibi görünen gururlu ayçiçeğine seslenen kısa bir şiir verir. || [T:312] Sahte zenginlik — Eski Peru’daki güneş görevlilerinin altın ayçiçeği takıları, gösterişli servet ile yaşamı besleyen faydalı zenginlik arasındaki karşılaştırmaya dönüşür."
S1F-267,Sweet Pea,"Kokulu bezelyenin açık renkli, kanat benzeri narin taç yaprakları ‘ince haz’ anlamına bağlanır; kaynakta bağlam kısa bir şiirle sınırlıdır.",Hedef çiçek net veya baskın; mevcut kırpım görsel kullanım için uygun.,DELICATE PLEASURE [P:071],"[P:071 | DELICATE PLEASURE] The wings of gentle flush, o'er delicate white.",P:071,P-010,images/flower-crops/phillips-1825/p-010_sweet-pea.jpg,exact,[P:071] Narin haz — Kaynak yalnızca açık pembe kanatların narin beyazın üzerine yayılışını anlatan kısa bir şiir dizesi verir.
S1F-282,Thorn Apple,"Zarif yaprakları ve beyaz çiçekleri tehlikeli, uyuşturucu niteliğini gizlediği için diken elması “aldatıcı cazibe”yi simgeler.",Beyaz boru biçimli çiçek net; solda ayçiçeğinin bir kısmı da görünüyor.,DECEITFUL CHARMS [P:065; T:322],"[P:065 | DECEITFUL CHARMS] The thorn-apple's elegant foliage and graceful white corollas conceal its harmful narcotic nature, which supplies the rationale for deceitful charms. || [T:322 | Deceitful charms] Datura’s flowers droop in sunlight and open at night, while the article warns of the plant’s danger (pp. 78–79).",P:065; T:322,P-024,images/flower-crops/phillips-1825/p-024_thorn-apple.jpg,exact,"[P:065] Aldatıcı cazibe — Zarif yapraklar ve güzel beyaz çiçekler bitkinin zararlı, uyuşturucu niteliğini gizler. || [T:322] Aldatıcı cazibe — Datura çiçekleri güneşte eğilir ve gece açılır; anlatı bitkinin tehlikesi konusunda uyarır."
S1F-283,Thrift,Deniz kıyısında sert koşullara direnen thrift yılmazlığı; güneşe dönen çok sayıdaki küçük çiçeği ve birleştirici adıysa sempatiyi temsil eder.,Hedef çiçek net veya baskın; mevcut kırpım görsel kullanım için uygun.,DAUNTLESSNESS [P:062] || Sympathy [T:321],"[P:062 | DAUNTLESSNESS] This plant, which seeks the sea shore, and Stems the bold torrent with a dauntless breast. || [T:321 | Sympathy] The Greek-derived name statice is associated with stopping or uniting, while the many small flowers turn toward the sun (pp. 269–270).",P:062; T:321,T-013,images/flower-crops/tyas-1869/t-013_thrift.jpg,exact,"[P:062] Yılmazlık — Deniz kıyısını seçen bitki, güçlü su akışına göğüs geren cesur bir varlık gibi anlatılır. || [T:321] Sempati — Yunanca kökenli statice adı durdurmak veya birleştirmekle ilişkilendirilir; çok sayıdaki küçük çiçeğin güneşe dönmesi de anlatılır."
S1F-285,Trumpet Flower (Virginian/Carolina Jasmine),Boru çiçeğinin trompet biçimi ayrılık haberini duyuran bir sese benzetilir; kaynak bunu dedikodu ve kötü niyetin yeniden birleşmeyi engellemesiyle açıklar.,Hedef çiçek net veya baskın; mevcut kırpım görsel kullanım için uygun.,Separation [I:382; P:249; T:168; T:327],"[I:382 | Separation] Source-specific context: Ingram favors amiability among Jasmine's many meanings, then distinguishes several fragrant varieties and recounts the plant's introduction and literary reputation. (printed pp. 68–71). || [P:249 | SEPARATION] Separations are eagerly announced by the trumpets of scandal and ill-nature, who by their discordant sounds, frequently prevent the possibility of a re-union. || [T:168 | Separation] The article identifies the trumpet flower as French “Jasmin de Virginie”/American Jasmine, notes orange flowers in July–August, and discusses hummingbirds using its leaves (pp. 253–254). || [T:327 | Separation] The climber is identified as French “Jasmin de Virginie”/American Jasmine, with orange July–August flowers and an associated hummingbird account (pp. 252–253).",I:382; P:249; T:168; T:327,T-007,images/flower-crops/tyas-1869/t-007_trumpet-flower.jpg,exact,"[I:382] Ayrılık kaydı; anlatıda sevecenlik — Ingram metni yaseminin farklı anlamları arasından sevecenliği seçer, kokulu çeşitleri ve edebî ününü anlatır. Bu nedenle kayıt anlamı ile gerekçe tam örtüşmez. || [P:249] Ayrılık — Ayrılık haberlerinin dedikodu ve kötü niyetin trompetleriyle yayıldığı, bu uyumsuz seslerin yeniden birleşmeyi engellediği söylenir. || [T:168] Ayrılık — Bitki Fransızca “Jasmin de Virginie” veya Amerikan yasemini olarak tanıtılır; turuncu yaz çiçekleri ve yapraklarını kullanan sinek kuşları anlatılır. || [T:327] Ayrılık — Aynı sarmaşık, turuncu temmuz–ağustos çiçekleri ve sinek kuşu anlatısıyla ikinci bir kaynak kaydında tekrar ele alınır."
S1F-286,Tuberose,Sümbülteberin gece yoğunlaşan baş döndürücü kokusu hazza kapılma ve tehlikeli zevklerle ilişkilendirilir; şiirde gecenin kokulu gelini gibi görünür.,Hedef çiçek net veya baskın; mevcut kırpım görsel kullanım için uygun.,Dangerous pleasures [I:730] || VOLUPTUOUSNESS [P:292],"[I:730 | Dangerous pleasures] Source-specific context: Ingram presents Tuberose as dangerous pleasures through the flower's exceptionally strong perfume, while explaining that its name derives from Polianthes tuberosa rather than tubes or roses. (printed pp. 134–135). || [P:292 | VOLUPTUOUSNESS] A poem calls the tuberose the silver-bright mistress of the night in Malay gardens, appearing like a scented bride when the sun is away.",I:730; P:292,P-016,images/flower-crops/phillips-1825/p-016_tuberose.jpg,exact,"[I:730] Tehlikeli hazlar — Sümbülteberin olağanüstü güçlü kokusu bu anlamın sebebidir; adının tüp veya gülden değil Polianthes tuberosa’dan geldiği de açıklanır. || [P:292] Haz düşkünlüğü — Şiir, Malay bahçelerinde güneş çekildiğinde ortaya çıkan sümbülteberi gecenin gümüş parlaklığındaki, kokulu gelini gibi anlatır."
S1F-287,Tulip,Boğaziçi geleneğinde lale hem değişkenliği hem şiddetli aşkı taşıyabilir; renk çeşitliliği onu bir aşk ilanına dönüştürür.,Hedef çiçek net veya baskın; mevcut kırpım görsel kullanım için uygun.,DECLARATION OF LOVE [P:068; T:329],"[P:068 | DECLARATION OF LOVE] Then comes the tulip race, where beauty plays Her idle freaks. || [T:329 | Declaration of love] On the Bosphorus tulip signifies both inconstancy and violent love, while its colour variations support a declaration in floral language (pp. 74–77).",P:068; T:329,P-001; T-003,images/flower-crops/phillips-1825/p-001_tulip.jpg; images/flower-crops/tyas-1869/t-003_tulip.jpg,exact; exact,[P:068] Aşk ilanı — Kaynak lalelerin çeşitli güzellik oyunlarını anlatan kısa bir şiir dizesi verir; anlamın ayrıntılı sebebini açıklamaz. || [T:329] Aşk ilanı — Boğaziçi geleneğinde lale hem değişkenliği hem şiddetli aşkı temsil eder; renk çeşitliliği çiçek dilinde bir aşk ilanı kurmayı sağlar.
S1F-306,White Lily,"Beyaz zambak, rengi nedeniyle saflık ve tevazuyla; Hristiyan imgeleri ve Juno’nun sütünden doğduğu anlatısıyla kutsallık ve asaletle ilişkilendirilir.",Hedef çiçek net veya baskın; mevcut kırpım görsel kullanım için uygun.,Purity. Sweetness [I:420] || PURITY AND MODESTY [P:225; T:183],"[I:420 | Purity. Sweetness] Source-specific context: Ingram presents Lily as majesty through its dedication to Juno, biblical esteem, and temple ornament, while noting that individual lily varieties carry separate meanings. (printed pp. 272–275). || [P:225 | PURITY AND MODESTY] All nations and ages agree in making this flower the symbol of purity and modesty ; and its beauty and delicacy has ever been the theme of admiration with the poets from the time of Solomon to the present day. || [T:183 | Purity and Modesty] Tyas combines the lily’s white form with Christian purity and the mythic account in which Juno’s milk produced lilies (pp. 231–236).",I:420; P:225; T:183,T-004,images/flower-crops/tyas-1869/t-004_white-lily.jpg,exact,"[I:420] Saflık ve tatlılık — Ingram zambağı Juno’ya adanması, İncil’deki yeri ve tapınak süslemeleri üzerinden asaletle ilişkilendirir; çeşitlerin ayrı anlamlar taşıdığını belirtir. || [P:225] Saflık ve tevazu — Beyaz zambağın güzelliği ve narinliğinin Süleyman’dan modern şairlere kadar bu anlamlarla övüldüğü söylenir. || [T:183] Saflık ve tevazu — Beyaz biçim Hristiyan saflığıyla ve Juno’nun sütünden zambakların doğduğu mitolojik anlatıyla birleştirilir."
S1F-317,Wild/Dog Rose,"Yabani gül kırsal buketin sade çiçeğidir; dikenleri haz ile acıyı birlikte taşırken, eski çiçek oyunlarında belagat ödülü olarak da kullanılır.",Hedef çiçek net veya baskın; mevcut kırpım görsel kullanım için uygun.,Pleasure and pain [I:615] || Simplicity [T:282; T:340],"[I:615 | Pleasure and pain] Source-specific context: Ingram presents Rose as the universal emblem of love and builds an extensive literary, historical, religious, and mythological survey around its beauty, fragrance, colours, and varieties. (printed pp. 23–48). || [T:282; T:340 | Simplicity] The dog rose belongs to the rustic bouquet, while Clemence Isaure’s floral games awarded a single rose for eloquence (pp. 256–257).",I:615; T:282; T:340,T-012,images/flower-crops/tyas-1869/t-012_dog-rose.jpg,exact,"[I:615] Haz ve acı — Ingram genel gül anlatısında aşkı, güzelliği, kokuyu, renkleri, dini ve mitolojiyi uzun uzun işler; bu kayıtta özel “haz ve acı” gerekçesi ayrıca açıklanmaz. || [T:282; T:340] Sadelik — Yabani gül kırsal buketin çiçeğidir; Clemence Isaure’un çiçek oyunlarında belagat ödülü olarak tek bir gül verildiği anlatılır."
S1F-322,Yellow Day Lily,Sarı gündüz zambağının çiçeği çoğu zaman ikinci güne kalmaz. Bu kısa ömürlü güzellik cilve ve değişkenliğin simgesi yapılır.,Hedef çiçek net veya baskın; mevcut kırpım görsel kullanım için uygun.,COQUETRY [P:053; T:346],"[P:053 | COQUETRY] This fragile beauty is made the emblem of coquetry, because its flowers seldom last a second day. || [T:346 | Coquetry] Yellow day-lily flowers rarely remain open for two days, giving rise to the French name belle d’un jour (pp. 71–72).",P:053; T:346,P-005,images/flower-crops/phillips-1825/p-005_yellow-day-lily.jpg,exact,"[P:053] Cilve — Narin güzelliğin çiçekleri çoğu zaman ikinci güne kalmadığı için geçici ve değişken bir çekiciliğe benzetilir. || [T:346] Cilve — Sarı gündüz zambağının çiçekleri nadiren iki gün açık kalır; Fransızca belle d’un jour, yani “bir günlük güzel” adı buradan gelir."
S1F-327,Yellow Rose,"Sarı gül farklı kaynaklarda kıskançlık, sevginin azalması ve sadakatsizlikle ilişkilendirilir; Tyas ayrıca çiçeğin Avrupa yetiştiriciliğine ulaşma yolunu anlatır.",Sarı gül net ve baskın.,Decrease of love. Jealousy [I:629] || INFIDELITY [P:150; T:347],"[I:629 | Decrease of love. Jealousy] Source-specific context: Ingram presents Rose as the universal emblem of love and builds an extensive literary, historical, religious, and mythological survey around its beauty, fragrance, colours, and varieties. (printed pp. 23–48). || [P:150 | INFIDELITY] The colour of this flower, so terrible to lovers, is the highest mark of distinction in Eastern countries. || [T:347 | Infidelity] Tyas reports yellow roses at Calicut in 1503 and traces their movement through Constantinople into English cultivation (pp. 164–165).",I:629; P:150; T:347,P-025,images/flower-crops/phillips-1825/p-025_yellow-rose.jpg,exact,"[I:629] Sevginin azalması ve kıskançlık — Ingram’ın genel gül anlatısı aşk, güzellik, koku, renk, tarih, din ve mitolojiyi işler; sarı renge özgü bu anlamın sebebi ayrıca açıklanmaz. || [P:150] Sadakatsizlik — Âşıklar için korkutucu sayılan sarı rengin Doğu ülkelerinde aynı zamanda yüksek bir seçkinlik işareti olduğu söylenir. || [T:347] Sadakatsizlik — Sarı güllerin 1503’te Calicut’ta görülmesi ve oradan Konstantinopolis üzerinden İngiliz yetiştiriciliğine ulaşması anlatılır."
