merged_id,canonical_flower_form,visual_grade,visual_grade_tr,visual_note_tr,story_depth,recommended_10_item_core,short_story_tr,meanings_with_sources,contexts_with_sources,source_records,asset_ids,image_paths,asset_confidences
S1F-010,Amaryllis,strong,Güçlü,Hedef çiçek net veya baskın; mevcut kırpım görsel kullanım için uygun.,substantive,no,"Amarillis, özenli bakıma rağmen bazen çiçek vermeyi reddettiği için bahçıvanlarca ‘gururlu’ sayılır; buradan kibir ve mağrurluk anlamı doğar.",PRIDE [P:218] || Haughtiness. Pride [T:015],[P:218 | PRIDE] In all the liveries deck'd of summer's pride. || [T:015 | Haughtiness. Pride] Gardeners are said to call amaryllis proud because it may withhold its flowers despite attentive care (pp. 135–136).,P:218; T:015,P-012,images/flower-crops/phillips-1825/p-012_amaryllis.jpg,exact
S1F-025,Bindweed,caution,Kullanılabilir; kompozisyon kalabalık,Hedef çiçek aynı kırpımda başka bitkilerle birlikte; tek başına bir botanik portre değil.,substantive,no,"Tarlalarda yere yakın ilerleyen, sade fakat inatçı bir sarmaşıktır. Gösterişsiz görünüşü tevazuya bağlanır.",Humility [T:043],"[T:043 | Humility] Bindweed is described as a simple but troublesome perennial twiner in cornfields, its simplicity supplying the humility emblem (pp. 141–142).",T:043,T-014,images/flower-crops/tyas-1869/t-014_bindweed.jpg,exact
S1F-030,Blue Violet,review,Kimlik kontrolü gerekli,"Levha ‘Purple Violet’, kayıt ‘Blue Violet’ diyor; kimlik/renk eşleşmesi yalnızca olası.",substantive,no,"Menekşe, yapraklarının altında saklanırken kokusuyla varlığını belli eder; bu yüzden tevazuya, başka bir gelenekteyse sadakate dönüşür.",Faithfulness [I:750] || Modesty [T:334],"[I:750 | Faithfulness] Source-specific context: Ingram presents Violet chiefly as modesty while acknowledging faithfulness as a rival meaning and surveys the flower's exceptional place in Greek identity, myth, and European poetry. (printed pp. 256–261). || [T:334 | Modesty] Blue violet hides its fragrant flower beneath low foliage, making modesty visible through scent without display (pp. 200–202).",I:750; T:334,T-011,images/flower-crops/tyas-1869/t-011_purple-violet.jpg,probable
S1F-031,Borage,strong,Güçlü,Hedef çiçek net veya baskın; mevcut kırpım görsel kullanım için uygun.,substantive,yes,"Hodanın dikenli, tüylü ve buruşuk dış yüzü kaba veya açık sözlü tavrı; faydalı oluşuysa bu sert kabuğun ardındaki değeri temsil eder.",BLUNTNESS OR ROUGHNESS OF MANNERS [P:028] || Bluntness [T:048],"[P:028 | BLUNTNESS OR ROUGHNESS OF MANNERS] This stimulating plant, has its stalks and leaves covered with a rough hairy substance, and is therefore chosen for this emblem. || [T:048 | Bluntness] Borage’s prickly, hairy, wrinkled leaves are contrasted with the usefulness that makes its rough exterior forgivable (pp. 56–57).",P:028; T:048,T-002,images/flower-crops/tyas-1869/t-002_borage.jpg,exact
S1F-048,China/Monthly Rose,strong,Güçlü,Hedef çiçek net veya baskın; mevcut kırpım görsel kullanım için uygun.,substantive,no,"Çin ya da aylık gül, yıl boyunca tekrar tekrar çiçek açar. Sürekli yenilenen bu görünüş ‘daima yeni güzellik’ anlamını taşır.",Beauty always new [I:610; P:023] || Beauty ever new [T:076; T:209; T:281],"[I:610 | Beauty always new] Source-specific context: Ingram presents Rose as the universal emblem of love and builds an extensive literary, historical, religious, and mythological survey around its beauty, fragrance, colours, and varieties. (printed pp. 23–48). || [P:023 | BEAUTY ALWAYS NEW] The accompanying verse praises a rose that returns nature's gifts as incense and blooms through the seasons. || [T:076; T:209; T:281 | Beauty ever new] The monthly rose is praised for renewing its bloom over much of the year, and Tyas records its late-eighteenth-century arrival in cultivation (pp. 51–52).",I:610; P:023; T:076; T:209; T:281,T-008,images/flower-crops/tyas-1869/t-008_china-monthly-rose.jpg,exact
S1F-053,Cistus Or Rock Rose,caution,Kullanılabilir; kompozisyon kalabalık,"Kaya gülü belirgin, fakat kompozisyonda komşu çiçekler de bulunuyor.",thin,no,Kaya gülü burada ‘halkın beğenisi’ anlamına bağlanır; ancak kaynakta bunu geliştiren bir hikâyeden çok kısa bir şiir alıntısı vardır.,POPULAR FAVOUR [P:211],"[P:211 | POPULAR FAVOUR] Admire we then, Or popularity, or stars, or strings.",P:211,P-007,images/flower-crops/phillips-1825/p-007_cistus-rock-rose.jpg,exact
S1F-055,Clove Gillyflower,review,Kimlik kontrolü gerekli,"Levha ‘Clove Pink’, kayıt ‘Clove Gillyflower’; tarihî terminoloji tam örtüşmüyor.",substantive,no,"Kaynak, Moluk Adaları’ndaki şeflerin rütbelerini farklı sayıda karanfil çiçeğiyle göstermesini anlatır; çiçek böylece vakar ve mevki simgesine dönüşür.",Dignity [T:083],"[T:083 | Dignity] The article connects dignity with Moluccan chiefs wearing differing numbers of clove flowers as marks of rank, then discusses the garden carnation substitute (pp. 83–84).",T:083,T-017,images/flower-crops/tyas-1869/t-017_clove-pink.jpg,possible
S1F-060,Columbine,strong,Güçlü,Hedef çiçek net veya baskın; mevcut kırpım görsel kullanım için uygun.,substantive,no,Hasekiküpesinin ‘budalalık’ anlamı için kaynaklar kesin değildir; çiçeğin tuhaf biçimi ve eski kırsal çağrışımları olası açıklamalar olarak aktarılır.,FOLLY [P:107; T:087],"[P:107 | FOLLY] And entwine The white, the blue, the flesh-like columbine. || [T:087 | Folly] Tyas admits uncertainty over columbine’s folly emblem and records competing explanations based on its form and long-standing rustic popularity (pp. 114–115).",P:107; T:087,P-009,images/flower-crops/phillips-1825/p-009_columbine.jpg,exact
S1F-065,Cornflower (Blue-Bottle Centaury),caution,Kullanılabilir; kompozisyon kalabalık,Peygamber çiçeği belirgin; üst kenarda gelincikten bir parça kalıyor.,substantive,no,"Peygamber çiçeğinin narin mavi görünüşü inceliğe bağlanır. Cycinus’un çelenkleri, aşk falında kullanılması ve boya elde edilmesi de anlatılır.",Delicacy [I:196; P:070; T:046],"[I:196 | Delicacy] Source-specific context: Ingram links Cornflower with delicacy, recounts the Cycinus garland-maker tradition, and describes its blue bloom as a flower used in love divination and pigment making. (printed pp. 298–299). || [P:070 | DELICACY] There is a flower, a purple flower Sown by the wind, nursed by the shower. || [T:046 | Delicacy] The flower’s sky-blue colour supports delicacy, while a fable derives Cyanus from a youth devoted to gathering cornflowers (pp. 77–78).",I:196; P:070; T:046,I-004,images/flower-crops/ingram-1869/i-004_cornflower.jpg,exact
S1F-067,Cowslip,caution,Kullanılabilir; kompozisyon kalabalık,"Çuha çiçeği seçilebiliyor, fakat çevresindeki fundalar kompozisyonun parçası.",substantive,no,"Eğik başı ve kırılgan görünüşü düşünceli bir gence benzetilir; erken açması genç güzelliği, çabuk solmasıysa genç yaşta kaybı çağrıştırır.",Pensiveness. Winning grace. Youthful beauty [I:200] || PENSIVENESS [P:202],"[I:200 | Pensiveness. Winning grace. Youthful beauty] Source-specific context: Ingram links the fragile, drooping Cowslip with youthful beauty and traces that association through older English poetry, especially imagery of youth, frailty, and early death. (printed pp. 158–160). || [P:202 | PENSIVENESS] Poetic descriptions of the cowslip's drooping, pensive head and melancholy love underlie the emblem.",I:200; P:202,P-013,images/flower-crops/phillips-1825/p-013_cowslip.jpg,exact
S1F-092,Everlasting Pea,strong,Güçlü,Hedef çiçek net veya baskın; mevcut kırpım görsel kullanım için uygun.,substantive,no,"Her yıl yeniden çiçeklenen çok yıllık bezelye, güzelliğin tekrar tekrar geri gelmesi nedeniyle ‘kalıcı haz’ simgesidir.",LASTING PLEASURE [P:164],[P:164 | LASTING PLEASURE] The perennial everlasting pea represents lasting pleasure because its beautiful flower clusters are renewed every year.,P:164,P-011,images/flower-crops/phillips-1825/p-011_everlasting-pea.jpg,exact
S1F-096,Fly Orchis,strong,Güçlü,Hedef çiçek net veya baskın; mevcut kırpım görsel kullanım için uygun.,substantive,no,"Sinek orkidesi, Flora’nın sapın üzerine çiçek yerine yanlışlıkla sinekler serpiştirmiş gibi görünmesi nedeniyle ‘hata’ anlamını alır.",ERROR [P:092],[P:092 | ERROR] The fly orchis is treated as though Flora mistakenly sprinkled a stem with flies instead of flowers.,P:092,P-008,images/flower-crops/phillips-1825/p-008_fly-orchis.jpg,exact
S1F-097,Forget-me-not,strong,Güçlü,Hedef çiçek net veya baskın; mevcut kırpım görsel kullanım için uygun.,substantive,yes,Tuna kıyısındaki efsanede boğulmak üzere olan şövalye çiçeği sevgilisine atar ve son kez ‘beni unutma’ der. Çiçeğin adı ve anma anlamı bu sahneye bağlanır.,Forget-me-not [I:282; P:110; T:225],"[I:282 | Forget-me-not] Source-specific context: Ingram recounts the German Danube legend in which a drowning knight throws the flower to his beloved with a final plea not to forget him, grounding the flower's memorial meaning. (printed pp. 172–176). || [P:110 | FORGET ME NOT] Its celebration in German love songs as Vergiss mich nicht led European sonnet writers to adopt the plant as the emblem 'forget me not.' || [T:225 | Forget-me-not,] The forget-me-not treatment gives the botanical heading *Myosotis scorpioides* and recounts the lovers’ waterside legend used to explain its name (pp. 117–120).",I:282; P:110; T:225,T-006,images/flower-crops/tyas-1869/t-006_forget-me-not.jpg,exact
S1F-098,Foxglove,strong,Güçlü,Hedef çiçek net veya baskın; mevcut kırpım görsel kullanım için uygun.,substantive,no,Parlak çiçeğinin içinde zehir taşıması yüksükotunu samimiyetsizliğin simgesi yapar; başka bir kaynak tüylü sapını gençlikle ilişkilendirir.,Insincerity [I:283] || YOUTH [P:309],"[I:283 | Insincerity] Source-specific context: Ingram links Foxglove with insincerity because poison lies within its bright blossom, while tracing finger-and-glove imagery in its names and English poetry. (printed pp. 231–232). || [P:309 | YOUTH] The light down covering the foxglove's stalks led poets to make it an emblem of youth.",I:283; P:309,P-004,images/flower-crops/phillips-1825/p-004_foxglove.jpg,exact
S1F-103,Fuchsia,strong,Güçlü,Hedef çiçek net veya baskın; mevcut kırpım görsel kullanım için uygun.,substantive,yes,"Küpe çiçeğinin sarkan kırmızı çiçekleri, mor ve açık yeşil tonları ile altın renkli ayrıntıları yetişmiş bir estetik zevkin örneği sayılır.",Taste [T:131],"[T:131 | Taste] The fuchsia’s hanging crimson flowers, purple or pale-green shading, and golden reproductive parts are praised as an example of cultivated taste (pp. 270–272).",T:131,T-005,images/flower-crops/tyas-1869/t-005_fuchsia.jpg,exact
S1F-105,Full Blown Rose,strong,Güçlü,Hedef çiçek net veya baskın; mevcut kırpım görsel kullanım için uygun.,thin,no,Tam açmış gül doğrudan güzelliğe bağlanır; kaynak bağlamı esas olarak kadın güzelliğini güle benzeten kısa bir şiirdir.,BEAUTY [P:022],[P:022 | BEAUTY] for to thee it is That passion likens woman's loveliness.,P:022,P-002,images/flower-crops/phillips-1825/p-002_full-blown-rose.jpg,exact
S1F-132,Honeysuckle,caution,Kullanılabilir; kompozisyon kalabalık,Hanımeli geniş ve çok çiçekli levhada; hedef tek başına izole edilemiyor.,substantive,no,"Hanımelinin esnek dallarla yaşlı bir meşeye sarılması, zamanla güçlenen ve kolay kopmayan sevgi bağlarının görüntüsüne dönüşür.",BOND OF LOVE [P:032] || Bonds of love [T:151],"[P:032 | BOND OF LOVE] So doth the woodbine, the sweet honeysuckle Gently entwine. || [T:151 | Bonds of love] Honeysuckle winding its flexible branches around an old oak becomes the article’s image for enduring bonds of love (pp. 57–59).",P:032; T:151,P-003,images/flower-crops/phillips-1825/p-003_honeysuckle.jpg,exact
S1F-140,Jasmine,strong,Güçlü,Hedef çiçek net veya baskın; mevcut kırpım görsel kullanım için uygun.,substantive,no,Yasemin hoş kokusu ve farklı çeşitleriyle sevecenlik ve uyumluluğu temsil eder; kaynaklar yayılışını ve çelik ya da daldırmayla çoğaltılmasını da anlatır.,Amiability [I:380; T:169],"[I:380 | Amiability] Source-specific context: Ingram favors amiability among Jasmine's many meanings, then distinguishes several fragrant varieties and recounts the plant's introduction and literary reputation. (printed pp. 68–71). || [T:169 | Amiability] Tyas notes jasmine’s inability to ripen seed locally and explains propagation by layering branches or taking cuttings (pp. 34–37).",I:380; T:169,I-003; T-010,images/flower-crops/ingram-1869/i-003_jasmine.jpg; images/flower-crops/tyas-1869/t-010_white-jasmine.jpg,exact; probable
S1F-153,Lily Of The Valley,strong,Güçlü,Hedef çiçek net veya baskın; mevcut kırpım görsel kullanım için uygun.,substantive,no,"Gölgeli vadilerde baharla birlikte yeniden beliren ve kokusunu yayan müge, kıştan sonra mutluluğun geri dönmesini temsil eder.",Return of happiness. Unconscious sweetness [I:422] || RETURN OF HAPPINESS [P:240; T:184],"[I:422 | Return of happiness. Unconscious sweetness] Source-specific context: Ingram links Lily of the Valley with the return of happiness through its spring appearance and records names such as May Lily and Ladder to Heaven. (printed pp. 286–287). || [P:240 | RETURN OF HAPPINESS] In sweet seclusion seems to shrink from view, — You of the valley nam'd, no longer hide Your blossoms meet to twine the brow of purest bride. || [T:184 | Return of happiness] The lily of the valley is placed in shaded valleys, oak woods, and cool stream banks; its early-May return and perfume are made signs of renewed happiness (pp. 241–243).",I:422; P:240; T:184,I-006,images/flower-crops/ingram-1869/i-006_lily-of-the-valley.jpg,exact
S1F-170,Mignonette,strong,Güçlü,Hedef çiçek net veya baskın; mevcut kırpım görsel kullanım için uygun.,substantive,yes,Muhabbet çiçeği gösterişsizdir ama güçlü kokuludur; bu karşıtlık ‘niteliklerin güzelliğinden üstün’ fikrine ve Amelia–Charlotte anlatısına bağlanır.,Your qualities surpass your charms [I:466; P:307; T:204],"[I:466 | Your qualities surpass your charms] Source-specific context: Ingram interprets Mignonette as qualities surpassing charms, contrasting its modest appearance with a fragrance that carried garden pleasure into urban homes and workrooms. (printed p. 279). || [P:307 | YOUR QUALITIES SURPASS YOUR CHARMS] The unassuming yet fragrant mignonette of Egyptian sands inspired the motto that one's qualities surpass one's charms, through a story cited from Flora Historica. || [T:204 | Your qualities surpass your charms] Tyas follows the flower’s fragrance from princely parterre to cottage and London balcony, then develops the sentiment through the Amelia/Charlotte narrative (pp. 288–292).",I:466; P:307; T:204,T-016,images/flower-crops/tyas-1869/t-016_mignonette.jpg,exact
S1F-181,Pansy,strong,Güçlü,Hedef çiçek net veya baskın; mevcut kırpım görsel kullanım için uygun.,substantive,no,"Pansy adı Fransızca pensée, yani ‘düşünce’ sözcüğüne bağlanır. Shakespeare ve çiçek dilinde hatırlama, düşünme ve ‘beni düşün’ mesajını taşır.","Thoughts [I:331; I:522] || THOUGHTS. YOU OCCUPY MY THOUGHTS ; OR, PENSEZ A MOI [P:276] || Think of me [T:142; T:240]","[I:331; I:522 | Thoughts] Source-specific context: Ingram links Heart's-ease or pansy with thought and remembrance through the French pensée and Shakespeare's floral symbolism, while contrasting its rich colours with the violet's fragrance. (printed pp. 165–169). || [P:276 | THOUGHTS. YOU OCCUPY MY THOUGHTS ; OR, PENSEZ A MOI] The entry connects pansy's names—thought, heart's ease, and forget-me-not—with remembrance and notes the flower's many varied forms. || [T:142; T:240 | Think of me] The name pansy is traced to the French pensée, meaning thought (pp. 275–276).",I:331; I:522; P:276; T:142; T:240,P-015,images/flower-crops/phillips-1825/p-015_pansy.jpg,exact
S1F-184,Passion Flower,strong,Güçlü,Hedef çiçek net veya baskın; mevcut kırpım görsel kullanım için uygun.,substantive,no,"Çarkıfeleğin parçaları Hristiyan geleneğinde İsa’nın çilesinin araç ve işaretlerine benzetilir; dik durduğunda inanç, ters yorumlandığında batıl inanç anlamı verilir.","Religious superstition, when the flower is reversed, or Faith if erect [I:525] || RELIGIOUS SUPERSTITION [P:233]","[I:525 | Religious superstition, when the flower is reversed, or Faith if erect] Source-specific context: Ingram presents Passion Flower as faith through the Christian interpretation of its floral structures as instruments and signs of the Passion, first emphasized by Spanish observers in South America. (printed pp. 304–305). || [P:233 | RELIGIOUS SUPERSTITION] Some fair enthusiast views the sainted flower.",I:525; P:233,I-007,images/flower-crops/ingram-1869/i-007_passion-flower.jpg,exact
S1F-188,Peruvian Heliotrope,strong,Güçlü,Hedef çiçek net veya baskın; mevcut kırpım görsel kullanım için uygun.,substantive,yes,"Güneşe döndüğüne inanılan heliotrop, Clytie’nin Apollo’ya değişmeyen aşkıyla özdeşleşir; bağlılık, aşk ve bazen tutkuya kapılma anlamlarını bir araya getirir.",Devotion [I:541] || INTOXICATED WITH PLEASURE [P:157] || I love you. Infatuation [T:246],"[I:541 | Devotion] Source-specific context: Ingram links Heliotrope with devoted attachment through the belief that it turns toward the sun and the myth of Clytie's unchanging love for Apollo. (printed pp. 112–113). || [P:157 | INTOXICATED WITH PLEASURE] The botanist who found this fragrant flower in the Cordilleras is described as intoxicated with delight; its later value in France reinforces the emblem. || [T:246 | I love you. Infatuation] The article describes the Peruvian evergreen’s lilac flowers and intoxicating perfume, then relates the long narrative of Countess Eleanora of Denmark (pp. 151–154).",I:541; P:157; T:246,T-015,images/flower-crops/tyas-1869/t-015_heliotrope.jpg,exact
S1F-191,Pink,review,Kimlik kontrolü gerekli,"Levhadaki ‘Garden Pink’ ile genel ‘Pink’ kaydının eşleşmesi olası, kesin değil.",substantive,no,"Bahçe karanfilinin yetiştirildikçe katmerlenmesi ve çok sayıda renge bürünmesi canlı, saf sevgiyi; başka bir kaynakta cesareti çağrıştırır.",Boldness [I:551] || Lively and pure affection [T:251],"[I:551 | Boldness] Source-specific context: Ingram links Pink with pure love, explains its classical names as the divine or Jove's flower, and distinguishes smaller pinks and gillyflowers from larger carnations. (printed pp. 142–143). || [T:251 | Lively and pure affection] Cultivation is said to double the pink’s petals and create extensive colour variation from a simple red or white wild form (pp. 186–188).",I:551; T:251,T-009,images/flower-crops/tyas-1869/t-009_garden-pink.jpg,probable
S1F-199,Primrose,caution,Kullanılabilir; kompozisyon kalabalık,Çuha çiçeği fundalık ve menekşeyle aynı tarihî kompozisyonda.,substantive,no,Kar çekilirken erken açan soluk ve kırılgan çuha çiçeği gençliği müjdeler; aynı kırılganlık genç yaşta ölüm ve hüzün çağrışımını da taşır.,Early youth and sadness [I:581] || EARLY YOUTH [P:085; T:265],"[I:581 | Early youth and sadness] Source-specific context: Ingram presents Primrose as youth and supports the association with English poetry that treats the early, pale, fragile flower as an emblem of young life and early death. (printed pp. 262–265). || [P:085 | EARLY YOUTH] The primrose represents the age between childhood and womanhood: an early blossom whose delicate perfume and modest colour attend the path to summer. || [T:265 | Early youth] Primrose appears through retreating winter snow and announces spring, providing the transition into early youth (pp. 90–93).",I:581; P:085; T:265,I-005,images/flower-crops/ingram-1869/i-005_primrose.jpg,exact
S1F-216,Rhododendron,strong,Güçlü,Hedef çiçek net veya baskın; mevcut kırpım görsel kullanım için uygun.,thin,no,Ormangülü ‘tehlike’ anlamını taşır; fakat kaynak bunu açıklayan ayrıntılı bir hikâye yerine dağlarda hükmeden bitkiyi anlatan kısa bir dize verir.,DANGER [P:060],"[P:060 | DANGER] O'er pine-clad hills, and dusky plains, In silent state rhododendron reigns.",P:060,P-006,images/flower-crops/phillips-1825/p-006_rhododendron.jpg,exact
S1F-218,Rose,strong,Güçlü,Hedef çiçek net veya baskın; mevcut kırpım görsel kullanım için uygun.,substantive,yes,"Gül, aşkın evrensel simgesi olarak mitoloji, din, şiir, renk ve kokuyla birlikte uzun uzun ele alınır; kısa süreli kusursuzluğu ve her bahar yenilenmesi güzellik fikrini güçlendirir.","Love [I:603] || GENTEEL, PRETTY [P:119] || Beauty [T:280]","[I:603 | Love] Source-specific context: Ingram presents Rose as the universal emblem of love and builds an extensive literary, historical, religious, and mythological survey around its beauty, fragrance, colours, and varieties. (printed pp. 23–48). || [P:119 | GENTEEL, PRETTY] This compact, pretty little offspring of the provins rose, comes about as near to its parent as the term genteel does to elegant, or pretty to beautiful. || [T:280 | Beauty] Tyas emphasizes the rose’s worldwide abundance and its brief perfection before fading, alongside its repeated renewal each spring (pp. 44–51).",I:603; P:119; T:280,I-001; I-002; T-001,images/flower-crops/ingram-1869/i-001_rose.jpg; images/flower-crops/ingram-1869/i-002_rose-secondary.jpg; images/flower-crops/tyas-1869/t-001_rose.jpg,exact; exact; exact
S1F-253,Snowdrop,strong,Güçlü,Hedef çiçek net veya baskın; mevcut kırpım görsel kullanım için uygun.,substantive,no,"Kışın karı delerek diğer çiçeklerden önce çıkan kardelen, zor zamanda umut ve teselliyi görünür kılar.",Hope [I:666] || CONSOLATION [P:050; T:302],[I:666 | Hope] Source-specific context: Ingram presents Snowdrop chiefly as hope and friendship in adversity because its fragile bloom rises through winter frost and snow before other wild flowers. (printed pp. 156–157). || [P:050 | CONSOLATION] Phillips explains the snow-drop as the first flower to awaken after winter and includes literary quotations. || [T:302 | Consolation] The French name perce-neige is explained by the flower piercing snow while the landscape remains wintry (pp. 68–70).,I:666; P:050; T:302,P-014,images/flower-crops/phillips-1825/p-014_snowdrop.jpg,exact
S1F-267,Sweet Pea,strong,Güçlü,Hedef çiçek net veya baskın; mevcut kırpım görsel kullanım için uygun.,thin,no,"Kokulu bezelyenin açık renkli, kanat benzeri narin taç yaprakları ‘ince haz’ anlamına bağlanır; kaynakta bağlam kısa bir şiirle sınırlıdır.",DELICATE PLEASURE [P:071],"[P:071 | DELICATE PLEASURE] The wings of gentle flush, o'er delicate white.",P:071,P-010,images/flower-crops/phillips-1825/p-010_sweet-pea.jpg,exact
S1F-283,Thrift,strong,Güçlü,Hedef çiçek net veya baskın; mevcut kırpım görsel kullanım için uygun.,substantive,yes,Deniz kıyısında sert koşullara direnen thrift yılmazlığı; güneşe dönen çok sayıdaki küçük çiçeği ve birleştirici adıysa sempatiyi temsil eder.,DAUNTLESSNESS [P:062] || Sympathy [T:321],"[P:062 | DAUNTLESSNESS] This plant, which seeks the sea shore, and Stems the bold torrent with a dauntless breast. || [T:321 | Sympathy] The Greek-derived name statice is associated with stopping or uniting, while the many small flowers turn toward the sun (pp. 269–270).",P:062; T:321,T-013,images/flower-crops/tyas-1869/t-013_thrift.jpg,exact
S1F-285,Trumpet Flower (Virginian/Carolina Jasmine),strong,Güçlü,Hedef çiçek net veya baskın; mevcut kırpım görsel kullanım için uygun.,substantive,yes,Boru çiçeğinin trompet biçimi ayrılık haberini duyuran bir sese benzetilir; kaynak bunu dedikodu ve kötü niyetin yeniden birleşmeyi engellemesiyle açıklar.,Separation [I:382; P:249; T:168; T:327],"[I:382 | Separation] Source-specific context: Ingram favors amiability among Jasmine's many meanings, then distinguishes several fragrant varieties and recounts the plant's introduction and literary reputation. (printed pp. 68–71). || [P:249 | SEPARATION] Separations are eagerly announced by the trumpets of scandal and ill-nature, who by their discordant sounds, frequently prevent the possibility of a re-union. || [T:168 | Separation] The article identifies the trumpet flower as French “Jasmin de Virginie”/American Jasmine, notes orange flowers in July–August, and discusses hummingbirds using its leaves (pp. 253–254). || [T:327 | Separation] The climber is identified as French “Jasmin de Virginie”/American Jasmine, with orange July–August flowers and an associated hummingbird account (pp. 252–253).",I:382; P:249; T:168; T:327,T-007,images/flower-crops/tyas-1869/t-007_trumpet-flower.jpg,exact
S1F-286,Tuberose,strong,Güçlü,Hedef çiçek net veya baskın; mevcut kırpım görsel kullanım için uygun.,substantive,no,Sümbülteberin gece yoğunlaşan baş döndürücü kokusu hazza kapılma ve tehlikeli zevklerle ilişkilendirilir; şiirde gecenin kokulu gelini gibi görünür.,Dangerous pleasures [I:730] || VOLUPTUOUSNESS [P:292],"[I:730 | Dangerous pleasures] Source-specific context: Ingram presents Tuberose as dangerous pleasures through the flower's exceptionally strong perfume, while explaining that its name derives from Polianthes tuberosa rather than tubes or roses. (printed pp. 134–135). || [P:292 | VOLUPTUOUSNESS] A poem calls the tuberose the silver-bright mistress of the night in Malay gardens, appearing like a scented bride when the sun is away.",I:730; P:292,P-016,images/flower-crops/phillips-1825/p-016_tuberose.jpg,exact
S1F-287,Tulip,strong,Güçlü,Hedef çiçek net veya baskın; mevcut kırpım görsel kullanım için uygun.,substantive,yes,Boğaziçi geleneğinde lale hem değişkenliği hem şiddetli aşkı taşıyabilir; renk çeşitliliği onu bir aşk ilanına dönüştürür.,DECLARATION OF LOVE [P:068; T:329],"[P:068 | DECLARATION OF LOVE] Then comes the tulip race, where beauty plays Her idle freaks. || [T:329 | Declaration of love] On the Bosphorus tulip signifies both inconstancy and violent love, while its colour variations support a declaration in floral language (pp. 74–77).",P:068; T:329,P-001; T-003,images/flower-crops/phillips-1825/p-001_tulip.jpg; images/flower-crops/tyas-1869/t-003_tulip.jpg,exact; exact
S1F-306,White Lily,strong,Güçlü,Hedef çiçek net veya baskın; mevcut kırpım görsel kullanım için uygun.,substantive,yes,"Beyaz zambak, rengi nedeniyle saflık ve tevazuyla; Hristiyan imgeleri ve Juno’nun sütünden doğduğu anlatısıyla kutsallık ve asaletle ilişkilendirilir.",Purity. Sweetness [I:420] || PURITY AND MODESTY [P:225; T:183],"[I:420 | Purity. Sweetness] Source-specific context: Ingram presents Lily as majesty through its dedication to Juno, biblical esteem, and temple ornament, while noting that individual lily varieties carry separate meanings. (printed pp. 272–275). || [P:225 | PURITY AND MODESTY] All nations and ages agree in making this flower the symbol of purity and modesty ; and its beauty and delicacy has ever been the theme of admiration with the poets from the time of Solomon to the present day. || [T:183 | Purity and Modesty] Tyas combines the lily’s white form with Christian purity and the mythic account in which Juno’s milk produced lilies (pp. 231–236).",I:420; P:225; T:183,T-004,images/flower-crops/tyas-1869/t-004_white-lily.jpg,exact
S1F-317,Wild/Dog Rose,strong,Güçlü,Hedef çiçek net veya baskın; mevcut kırpım görsel kullanım için uygun.,substantive,no,"Yabani gül kırsal buketin sade çiçeğidir; dikenleri haz ile acıyı birlikte taşırken, eski çiçek oyunlarında belagat ödülü olarak da kullanılır.",Pleasure and pain [I:615] || Simplicity [T:282; T:340],"[I:615 | Pleasure and pain] Source-specific context: Ingram presents Rose as the universal emblem of love and builds an extensive literary, historical, religious, and mythological survey around its beauty, fragrance, colours, and varieties. (printed pp. 23–48). || [T:282; T:340 | Simplicity] The dog rose belongs to the rustic bouquet, while Clemence Isaure’s floral games awarded a single rose for eloquence (pp. 256–257).",I:615; T:282; T:340,T-012,images/flower-crops/tyas-1869/t-012_dog-rose.jpg,exact
S1F-322,Yellow Day Lily,strong,Güçlü,Hedef çiçek net veya baskın; mevcut kırpım görsel kullanım için uygun.,substantive,no,Sarı gündüz zambağının çiçeği çoğu zaman ikinci güne kalmaz. Bu kısa ömürlü güzellik cilve ve değişkenliğin simgesi yapılır.,COQUETRY [P:053; T:346],"[P:053 | COQUETRY] This fragile beauty is made the emblem of coquetry, because its flowers seldom last a second day. || [T:346 | Coquetry] Yellow day-lily flowers rarely remain open for two days, giving rise to the French name belle d’un jour (pp. 71–72).",P:053; T:346,P-005,images/flower-crops/phillips-1825/p-005_yellow-day-lily.jpg,exact
