record_id,source_heading,working_normalized_name,normalization_status,variant_color_form,original_sentiment,turkish_literal_gloss,source_list_page,source_page_references,main_context_pages,classification,classification_reason,context_note,source_illustration_plate,botanical_image_missing,scan_page_url,verification,notes
TYAS1869-006,Acanthus,Acanthus,working; non-authoritative,,Arts (the),Sanatlar.,301,p. 301 (terminal list); pp. 39–41 (main text),pp. 39–41,include,Final Stage 1 candidate: passes the owner-approved everyday-flower rule and the source-specific narrative threshold.,"Tyas says acanthus leaves ornamented ancient furniture, vessels, and clothing, and notes Virgil’s saffron-coloured acanthus on Helen’s veil (pp. 39–41).",,yes,https://archive.org/details/sentimentofflowe00tyas/page/n332/mode/1up,"source heading, sentiment, inherited-row order, and printed list page verified against scan image",
TYAS1869-008,Agrimony,Agrimony,working; non-authoritative,,Thankfulness.,Minnettarlık.,301,p. 301 (terminal list); pp. 274–275 (main text),pp. 274–275,include,Final Stage 1 candidate: passes the owner-approved everyday-flower rule and the source-specific narrative threshold.,"The delicate lilac, bell-like flowers are linked with the French name Religieuse des Champs and a Calendar of Flora reflection on gratitude (pp. 274–275).",,yes,https://archive.org/details/sentimentofflowe00tyas/page/n332/mode/1up,"source heading, sentiment, inherited-row order, and printed list page verified against scan image",
TYAS1869-014,Amaranth,Amaranth,working; non-authoritative,,Immortality.,Ölümsüzlük.,301,p. 301 (terminal list); pp. 156–158 (main text),pp. 156–158,include,Final Stage 1 candidate: passes the owner-approved everyday-flower rule and the source-specific narrative threshold.,Amaranth flowers retain their scarlet colour after death; Tyas also recalls their use in ancient honours and at Achilles’ funeral (pp. 156–158).,,yes,https://archive.org/details/sentimentofflowe00tyas/page/n332/mode/1up,"source heading, sentiment, inherited-row order, and printed list page verified against scan image",
TYAS1869-015,Amaryllis,Amaryllis,working; non-authoritative,,Haughtiness. Pride.,Kibir; gurur.,301,p. 301 (terminal list); pp. 135–136 (main text),pp. 135–136,include,Final Stage 1 candidate: passes the owner-approved everyday-flower rule and the source-specific narrative threshold.,Gardeners are said to call amaryllis proud because it may withhold its flowers despite attentive care (pp. 135–136).,,yes,https://archive.org/details/sentimentofflowe00tyas/page/n332/mode/1up,"source heading, sentiment, inherited-row order, and printed list page verified against scan image",
TYAS1869-017,American Cowslip,American Cowslip,working; non-authoritative,American,You are my divinity.,Sen benim ilahımsın.,302,p. 302 (terminal list); pp. 295–296 (main text),pp. 295–296,include,Final Stage 1 candidate: passes the owner-approved everyday-flower rule and the source-specific narrative threshold.,"A stem is described as carrying twelve reversed flowers, while Dodecatheon is explained as meaning twelve divinities (pp. 295–296).",,yes,https://archive.org/details/sentimentofflowe00tyas/page/n333/mode/1up,"source heading, sentiment, inherited-row order, and printed list page verified against scan image",
TYAS1869-019,"Anemone, Field",Field Anemone,working; non-authoritative,Field,Sickness.,Hastalık.,302,p. 302 (terminal list); pp. 254–255 (main text),pp. 254–255,include,Final Stage 1 candidate: passes the owner-approved everyday-flower rule and the source-specific narrative threshold.,Tyas records beliefs that field-anemone vapours caused illness and that the first flower of the year could serve as a protective remedy (pp. 254–255).,,yes,https://archive.org/details/sentimentofflowe00tyas/page/n333/mode/1up,"source heading, sentiment, inherited-row order, and printed list page verified against scan image",
TYAS1869-020,"——, Garden",Garden Anemone,working; non-authoritative,Garden,Forsaken.,Terk edilmiş.,302,p. 302 (terminal list); pp. 120–123 (main text),pp. 120–123,include,Final Stage 1 candidate: passes the owner-approved everyday-flower rule and the source-specific narrative threshold.,"Anemone is presented as a nymph loved by Zephyr, banished by jealous Flora, changed into a flower, and then abandoned to harsher winds (pp. 120–123).",,yes,https://archive.org/details/sentimentofflowe00tyas/page/n333/mode/1up,"source heading, sentiment, inherited-row order, and printed list page verified against scan image",
TYAS1869-021,Angelica,Angelica,working; non-authoritative,,Inspiration.,İlham.,302,p. 302 (terminal list); pp. 176–177 (main text),pp. 176–177,include,Final Stage 1 candidate: passes the owner-approved everyday-flower rule and the source-specific narrative threshold.,Tyas says Laplanders used fragrant angelica to crown poets who imagined its scent inspired them (pp. 176–177).,,yes,https://archive.org/details/sentimentofflowe00tyas/page/n333/mode/1up,"source heading, sentiment, inherited-row order, and printed list page verified against scan image",
TYAS1869-022,Apple Blossom,Apple Blossom,working; non-authoritative,,Preference.,Tercih.,302,p. 302 (terminal list); pp. 225–226 (main text),pp. 225–226,include,Final Stage 1 candidate: passes the owner-approved everyday-flower rule and the source-specific narrative threshold.,"The early-spring apple bloom promises abundant fruit and, Tyas says, was preferred by some to the rose (pp. 225–226).",,yes,https://archive.org/details/sentimentofflowe00tyas/page/n333/mode/1up,"source heading, sentiment, inherited-row order, and printed list page verified against scan image",
TYAS1869-024,A Rose Leaf,A Rose Leaf,working; non-authoritative,,I never importune.,Asla ısrar etmem.,302,p. 302 (terminal list); pp. 154–155 (main text),pp. 154–155,include,Final Stage 1 candidate: passes the owner-approved everyday-flower rule and the source-specific narrative threshold.,The Amadan academy anecdote uses a brim-full cup and Dr. Zeb’s floating rose leaf to signify a refusal made without importunity (pp. 154–155).,,yes,https://archive.org/details/sentimentofflowe00tyas/page/n333/mode/1up,"source heading, sentiment, inherited-row order, and printed list page verified against scan image",
TYAS1869-025,"Arum, or Wake Robin","Arum, or Wake Robin",working; non-authoritative,,Ardour.,Şevk.,302,p. 302 (terminal list); pp. 37–38 (main text),pp. 37–38,include,Final Stage 1 candidate: passes the owner-approved everyday-flower rule and the source-specific narrative threshold.,The pale arum root first tastes bland but soon pricks the tongue; prepared root was sold as Portland sago (pp. 37–38).,,yes,https://archive.org/details/sentimentofflowe00tyas/page/n333/mode/1up,"source heading, sentiment, inherited-row order, and printed list page verified against scan image",
TYAS1869-028,Asphodel,Asphodel,working; non-authoritative,,My regrets follow you to the grave.,Pişmanlıklarım mezara dek seni izler.,302,p. 302 (terminal list); pp. 207–208 (main text),pp. 207–208,include,Final Stage 1 candidate: passes the owner-approved everyday-flower rule and the source-specific narrative threshold.,"Asphodel was sacred to Proserpine, used in funeral rites, and imagined as filling the meadows where departed shades drank oblivion (pp. 207–208).",,yes,https://archive.org/details/sentimentofflowe00tyas/page/n333/mode/1up,"source heading, sentiment, inherited-row order, and printed list page verified against scan image",
TYAS1869-036,Balsam (Noli-me-tangere),Balsam (Noli-me-tangere),working; non-authoritative,,Impatience.,Sabırsızlık.,302,p. 302 (terminal list); pp. 158–159 (main text),pp. 158–159,include,Final Stage 1 candidate: passes the owner-approved everyday-flower rule and the source-specific narrative threshold.,The names Noli-me-tangere and Impatiens are explained by ripe capsules that eject seeds when touched (pp. 158–159).,,yes,https://archive.org/details/sentimentofflowe00tyas/page/n333/mode/1up,"source heading, sentiment, inherited-row order, and printed list page verified against scan image",
TYAS1869-040,"Bee Ophrys, or Orchis","Bee Ophrys, or Orchis",working; non-authoritative,,Error.,Hata.,302,p. 302 (terminal list); pp. 101–102 (main text),pp. 101–102,include,Final Stage 1 candidate: passes the owner-approved everyday-flower rule and the source-specific narrative threshold.,The flowers resemble bees closely enough to be mistaken for insects resting on the plant (pp. 101–102).,,yes,https://archive.org/details/sentimentofflowe00tyas/page/n333/mode/1up,"source heading, sentiment, inherited-row order, and printed list page verified against scan image",
TYAS1869-043,Bindweed,Bindweed,working; non-authoritative,,Humility.,Alçakgönüllülük.,302,p. 302 (terminal list); pp. 141–142 (main text),pp. 141–142,include,Final Stage 1 candidate: passes the owner-approved everyday-flower rule and the source-specific narrative threshold.,"Bindweed is described as a simple but troublesome perennial twiner in cornfields, its simplicity supplying the humility emblem (pp. 141–142).","Plate VII (facing p. 278), group plate: Nightshade / Heath / Bindweed",no,https://archive.org/details/sentimentofflowe00tyas/page/n333/mode/1up,"source heading, sentiment, inherited-row order, and printed list page verified against scan image",
TYAS1869-046,Blue-Bottle Centaury,Blue-Bottle Centaury,working; non-authoritative,Blue,Delicacy.,Narinlik.,303,p. 303 (terminal list); pp. 77–78 (main text),pp. 77–78,include,Final Stage 1 candidate: passes the owner-approved everyday-flower rule and the source-specific narrative threshold.,"The flower’s sky-blue colour supports delicacy, while a fable derives Cyanus from a youth devoted to gathering cornflowers (pp. 77–78).",,yes,https://archive.org/details/sentimentofflowe00tyas/page/n334/mode/1up,"source heading, sentiment, inherited-row order, and printed list page verified against scan image",
TYAS1869-048,Borage,Borage,working; non-authoritative,,Bluntness.,Patavatsızlık.,303,p. 303 (terminal list); pp. 56–57 (main text),pp. 56–57,include,Final Stage 1 candidate: passes the owner-approved everyday-flower rule and the source-specific narrative threshold.,"Borage’s prickly, hairy, wrinkled leaves are contrasted with the usefulness that makes its rough exterior forgivable (pp. 56–57).","Plate II (facing p. 31), group plate: Broom / Borage / Geranium",no,https://archive.org/details/sentimentofflowe00tyas/page/n334/mode/1up,"source heading, sentiment, inherited-row order, and printed list page verified against scan image",
TYAS1869-055,Buckbean,Buckbean,working; non-authoritative,,Calm repose.,Sakin istirahat.,303,p. 303 (terminal list); pp. 59–60 (main text),pp. 59–60,include,Final Stage 1 candidate: passes the owner-approved everyday-flower rule and the source-specific narrative threshold.,"The aquatic buckbean has white, rose-tinged flowers that open only in calm, sunny weather (pp. 59–60).",,yes,https://archive.org/details/sentimentofflowe00tyas/page/n334/mode/1up,"source heading, sentiment, inherited-row order, and printed list page verified against scan image",
TYAS1869-057,Burdock,Burdock,working; non-authoritative,,Importunity.,Usandırıcı ısrar.,303,p. 303 (terminal list); pp. 159–160 (main text),pp. 159–160,include,Final Stage 1 candidate: passes the owner-approved everyday-flower rule and the source-specific narrative threshold.,"Burdock is hard to eradicate, and its bristly fruits cling insistently to clothing (pp. 159–160).",,yes,https://archive.org/details/sentimentofflowe00tyas/page/n334/mode/1up,"source heading, sentiment, inherited-row order, and printed list page verified against scan image",
TYAS1869-058,Buttercups,Buttercups,working; non-authoritative,,Ingratitude.,Nankörlük.,303,p. 303 (terminal list); pp. 165–166 (main text),pp. 165–166,include,Final Stage 1 candidate: passes the owner-approved everyday-flower rule and the source-specific narrative threshold.,Buttercups are described as containing irritating substances capable of blistering skin and harming grazing animals (pp. 165–166).,,yes,https://archive.org/details/sentimentofflowe00tyas/page/n334/mode/1up,"source heading, sentiment, inherited-row order, and printed list page verified against scan image",
TYAS1869-065,Candy Tuft,Candy Tuft,working; non-authoritative,,Indifference.,Kayıtsızlık.,303,p. 303 (terminal list); pp. 161–162 (main text),pp. 161–162,include,Final Stage 1 candidate: passes the owner-approved everyday-flower rule and the source-specific narrative threshold.,"The nearly year-round, scentless white flowers persist through winter and respond little to summer warmth (pp. 161–162).",,yes,https://archive.org/details/sentimentofflowe00tyas/page/n334/mode/1up,"source heading, sentiment, inherited-row order, and printed list page verified against scan image",
TYAS1869-066,"Canterbury Bell, Blue",Blue Canterbury Bell,working; non-authoritative,Blue,Constancy.,Sadakat.,303,p. 303 (terminal list); pp. 70–71 (main text),pp. 70–71,include,Final Stage 1 candidate: passes the owner-approved everyday-flower rule and the source-specific narrative threshold.,The Canterbury bell’s rich blue colour is explicitly made the basis of constancy; Tyas also calls it an easily raised border flower (pp. 70–71).,,yes,https://archive.org/details/sentimentofflowe00tyas/page/n334/mode/1up,"source heading, sentiment, inherited-row order, and printed list page verified against scan image",
TYAS1869-068,Carnation Yellow,Yellow Carnation,working; non-authoritative,Yellow,Disdain.,Küçümseme.,303,p. 303 (terminal list); pp. 85–87 (main text),pp. 85–87,include,Final Stage 1 candidate: passes the owner-approved everyday-flower rule and the source-specific narrative threshold.,"Tyas calls the yellow carnation the least beautiful and fragrant of its kind while noting that it demands continual care, using this contrast for Disdain (pp. 85–87).",,yes,https://archive.org/details/sentimentofflowe00tyas/page/n334/mode/1up,"source heading, sentiment, inherited-row order, and printed list page verified against scan image",
TYAS1869-070,Catchfly,Catchfly,working; non-authoritative,,Snare.,Tuzak.,303,p. 303 (terminal list); pp. 260–262 (main text),pp. 260–262,include,Final Stage 1 candidate: passes the owner-approved everyday-flower rule and the source-specific narrative threshold.,Flies attracted by the plant’s unpleasant odour become trapped on its leaves (pp. 260–262).,,yes,https://archive.org/details/sentimentofflowe00tyas/page/n334/mode/1up,"source heading, sentiment, inherited-row order, and printed list page verified against scan image",
TYAS1869-074,China Aster,China Aster,working; non-authoritative,China,Variety.,Çeşitlilik.,303,p. 303 (terminal list); pp. 282–283 (main text),pp. 282–283,include,Final Stage 1 candidate: passes the owner-approved everyday-flower rule and the source-specific narrative threshold.,"Father d’Incarville reportedly sent China aster to Paris around 1780; cultivation changed simple uniform flowers into doubled, multicoloured forms (pp. 282–283).",,yes,https://archive.org/details/sentimentofflowe00tyas/page/n334/mode/1up,"source heading, sentiment, inherited-row order, and printed list page verified against scan image",
TYAS1869-075,"China, or Indian Pink","China, or Indian Pink",working; non-authoritative,China; Indian,Aversion.,Tiksinti.,303,p. 303 (terminal list); pp. 43–44 (main text),pp. 43–44,include,Final Stage 1 candidate: passes the owner-approved everyday-flower rule and the source-specific narrative threshold.,The China pink is richly coloured and long-flowering but lacks both the sweet william’s massed display and the common pink’s fragrance (pp. 43–44).,,yes,https://archive.org/details/sentimentofflowe00tyas/page/n334/mode/1up,"source heading, sentiment, inherited-row order, and printed list page verified against scan image",
TYAS1869-076,"China, or Monthly Rose","China, or Monthly Rose",working; non-authoritative,China; Monthly,Beauty ever new.,Daima yeni güzellik.,303,p. 303 (terminal list); pp. 51–52 (main text),pp. 51–52,include,Final Stage 1 candidate: passes the owner-approved everyday-flower rule and the source-specific narrative threshold.,"The monthly rose is praised for renewing its bloom over much of the year, and Tyas records its late-eighteenth-century arrival in cultivation (pp. 51–52).","Plate V (facing p. 186), shown under plate label “China Rose”",no,https://archive.org/details/sentimentofflowe00tyas/page/n334/mode/1up,"source heading, sentiment, inherited-row order, and printed list page verified against scan image",
TYAS1869-078,Chrysanthemum,Chrysanthemum,working; non-authoritative,,Cheerfulness under adversity.,Sıkıntı altında neşe.,304,p. 304 (terminal list); pp. 62–64 (main text),pp. 62–64,include,Final Stage 1 candidate: passes the owner-approved everyday-flower rule and the source-specific narrative threshold.,"The discussion treats chrysanthemums as Chinese exotics, explains the Greek “gold flower” name, and emphasizes their late bloom after other flowers fade (pp. 62–64).",,yes,https://archive.org/details/sentimentofflowe00tyas/page/n335/mode/1up,"source heading, sentiment, inherited-row order, and printed list page verified against scan image",
TYAS1869-079,Cinquefoil,Cinquefoil,working; non-authoritative,,Beloved daughter.,Sevgili kız evlat.,304,p. 304 (terminal list); pp. 52–53 (main text),pp. 52–53,include,Final Stage 1 candidate: passes the owner-approved everyday-flower rule and the source-specific narrative threshold.,"Cinquefoil leaves bend over the flower like a canopy in rain, a protective gesture compared with a mother watching a daughter develop (pp. 52–53).",,yes,https://archive.org/details/sentimentofflowe00tyas/page/n335/mode/1up,"source heading, sentiment, inherited-row order, and printed list page verified against scan image",
TYAS1869-082,Clematis,Clematis,working; non-authoritative,,Artifice.,Hile.,304,p. 304 (terminal list); pp. 38–39 (main text),pp. 38–39,include,Final Stage 1 candidate: passes the owner-approved everyday-flower rule and the source-specific narrative threshold.,"Beggars are said to have used clematis leaves to create ulcers and provoke pity, an artifice capable of lasting harm (pp. 38–39).",,yes,https://archive.org/details/sentimentofflowe00tyas/page/n335/mode/1up,"source heading, sentiment, inherited-row order, and printed list page verified against scan image",
TYAS1869-083,Clove Gillyflower,Clove Gillyflower,working; non-authoritative,,Dignity.,Asalet.,304,p. 304 (terminal list); pp. 83–84 (main text),pp. 83–84,include,Final Stage 1 candidate: passes the owner-approved everyday-flower rule and the source-specific narrative threshold.,"The article connects dignity with Moluccan chiefs wearing differing numbers of clove flowers as marks of rank, then discusses the garden carnation substitute (pp. 83–84).","Plate VIII (facing p. 288), possible mapping to plate label “Clove Pink”; terminology is not exact",uncertain,https://archive.org/details/sentimentofflowe00tyas/page/n335/mode/1up,"source heading, sentiment, inherited-row order, and printed list page verified against scan image",
TYAS1869-086,Colt’s-foot,Colt’s-foot,working; non-authoritative,,Justice shall be done you.,Hakkın teslim edilecek.,304,p. 304 (terminal list); pp. 178–179 (main text),pp. 178–179,include,Final Stage 1 candidate: passes the owner-approved everyday-flower rule and the source-specific narrative threshold.,"The entry tells of a poor Dutch miller whose landscape painting found a patron, then compares him with sweet tussilage recognized near Mount Pilat by a botanist (pp. 178–179).",,yes,https://archive.org/details/sentimentofflowe00tyas/page/n335/mode/1up,"source heading, sentiment, inherited-row order, and printed list page verified against scan image",
TYAS1869-087,Columbine,Columbine,working; non-authoritative,,Folly.,Budalalık.,304,p. 304 (terminal list); pp. 114–115 (main text),pp. 114–115,include,Final Stage 1 candidate: passes the owner-approved everyday-flower rule and the source-specific narrative threshold.,Tyas admits uncertainty over columbine’s folly emblem and records competing explanations based on its form and long-standing rustic popularity (pp. 114–115).,,yes,https://archive.org/details/sentimentofflowe00tyas/page/n335/mode/1up,"source heading, sentiment, inherited-row order, and printed list page verified against scan image",
TYAS1869-095,Crown Imperial,Crown Imperial,working; non-authoritative,,Majesty.,Haşmet.,304,p. 304 (terminal list); pp. 191–195 (main text),pp. 191–195,include,Final Stage 1 candidate: passes the owner-approved everyday-flower rule and the source-specific narrative threshold.,"Crown imperial is treated as the sovereign of Fritillaria because of its commanding form and brilliant colours, with an English notice in Shakespeare’s period (pp. 191–195).",,yes,https://archive.org/details/sentimentofflowe00tyas/page/n335/mode/1up,"source heading, sentiment, inherited-row order, and printed list page verified against scan image",
TYAS1869-096,Cuckoo Pint,Cuckoo Pint,working; non-authoritative,,Ardour.,Şevk.,304,p. 304 (terminal list); pp. 37–38 (main text),pp. 37–38,include,Final Stage 1 candidate: passes the owner-approved everyday-flower rule and the source-specific narrative threshold.,The pale arum root first tastes bland but soon pricks the tongue; prepared root was sold as Portland sago (pp. 37–38).,,yes,https://archive.org/details/sentimentofflowe00tyas/page/n335/mode/1up,"source heading, sentiment, inherited-row order, and printed list page verified against scan image",
TYAS1869-101,Daisy,Daisy,working; non-authoritative,,Innocence.,Masumiyet.,304,p. 304 (terminal list); pp. 166–174 (main text),pp. 166–174,include,Final Stage 1 candidate: passes the owner-approved everyday-flower rule and the source-specific narrative threshold.,The name daisy is derived from day’s eye because the blossom opens at daybreak and closes at sunset (pp. 166–174).,,yes,https://archive.org/details/sentimentofflowe00tyas/page/n335/mode/1up,"source heading, sentiment, inherited-row order, and printed list page verified against scan image",
TYAS1869-102,"——, Garden",Garden Daisy,working; non-authoritative,Garden,I partake your sentiments,Duygularını paylaşıyorum.,304,p. 304 (terminal list); pp. 144–148 (main text),pp. 144–148,include,Final Stage 1 candidate: passes the owner-approved everyday-flower rule and the source-specific narrative threshold.,Cultivation is said to alter the field daisy; preserving the garden form requires yearly root division and transplantation (pp. 144–148).,,yes,https://archive.org/details/sentimentofflowe00tyas/page/n335/mode/1up,"source heading, sentiment, inherited-row order, and printed list page verified against scan image",
TYAS1869-103,"——, White",White Daisy,working; non-authoritative,White,I will think of it.,Bunu düşüneceğim.,304,p. 304 (terminal list); pp. 155–156 (main text),pp. 155–156,include,Final Stage 1 candidate: passes the owner-approved everyday-flower rule and the source-specific narrative threshold.,The chivalric custom described has an undecided lady wear a frontlet of white daisies to say “I will think of it” (pp. 155–156).,,yes,https://archive.org/details/sentimentofflowe00tyas/page/n335/mode/1up,"source heading, sentiment, inherited-row order, and printed list page verified against scan image",
TYAS1869-104,Dandelion,Dandelion,working; non-authoritative,,Oracle.,Kehanet.,304,p. 304 (terminal list); pp. 212–214 (main text),pp. 212–214,include,Final Stage 1 candidate: passes the owner-approved everyday-flower rule and the source-specific narrative threshold.,Linnaeus places dandelion in Flora’s clock because its flowers open and close at dependable hours (pp. 212–214).,,yes,https://archive.org/details/sentimentofflowe00tyas/page/n335/mode/1up,"source heading, sentiment, inherited-row order, and printed list page verified against scan image",
TYAS1869-107,Dittany of Crete,Dittany of Crete,working; non-authoritative,,Birth.,Doğum.,305,p. 305 (terminal list); pp. 53–54 (main text),pp. 53–54,include,Final Stage 1 candidate: passes the owner-approved everyday-flower rule and the source-specific narrative threshold.,Juno as Lucina wears dittany at childbirth; the plant is also said to have reached cultivation from Crete in 1551 (pp. 53–54).,,yes,https://archive.org/details/sentimentofflowe00tyas/page/n336/mode/1up,"source heading, sentiment, inherited-row order, and printed list page verified against scan image",
TYAS1869-113,"Eglantine, or Sweetbriar","Eglantine, or Sweetbriar",working; non-authoritative,,Poetry.,Şiir.,305,p. 305 (terminal list); pp. 224–225 (main text),pp. 224–225,include,Final Stage 1 candidate: passes the owner-approved everyday-flower rule and the source-specific narrative threshold.,Sweetbriar is called the poet’s flower not only for its blossoms but for fragrant leaves that perfume morning and evening air (pp. 224–225).,,yes,https://archive.org/details/sentimentofflowe00tyas/page/n336/mode/1up,"source heading, sentiment, inherited-row order, and printed list page verified against scan image",
TYAS1869-129,Fraxinella,Fraxinella,working; non-authoritative,,Fire.,Ateş.,305,p. 305 (terminal list); pp. 111–113 (main text),pp. 111–113,include,Final Stage 1 candidate: passes the owner-approved everyday-flower rule and the source-specific narrative threshold.,"The article describes lemon-like scent and resinous glands on the flower stalks whose vapour can be ignited, grounding the emblem Fire (pp. 111–113).",,yes,https://archive.org/details/sentimentofflowe00tyas/page/n336/mode/1up,"source heading, sentiment, inherited-row order, and printed list page verified against scan image",
TYAS1869-131,Fuchsia,Fuchsia,working; non-authoritative,,Taste.,Zevk.,305,p. 305 (terminal list); pp. 270–272 (main text),pp. 270–272,include,Final Stage 1 candidate: passes the owner-approved everyday-flower rule and the source-specific narrative threshold.,"The fuchsia’s hanging crimson flowers, purple or pale-green shading, and golden reproductive parts are praised as an example of cultivated taste (pp. 270–272).","Plate III (facing p. 74), group plate: Tulip / White Lily / Fuchsia",no,https://archive.org/details/sentimentofflowe00tyas/page/n336/mode/1up,"source heading, sentiment, inherited-row order, and printed list page verified against scan image",
TYAS1869-132,"Geranium, Sorrowful",Sorrowful Geranium,working; non-authoritative,Sorrowful,Melancholy spirit.,Melankolik ruh.,305,p. 305 (terminal list); pp. 197–198 (main text),pp. 197–198,include,Final Stage 1 candidate: passes the owner-approved everyday-flower rule and the source-specific narrative threshold.,"The plant is said to shun daylight, retain a sombre appearance, and reward cultivation with perfume, contrasted with scarlet geranium (pp. 197–198).",,yes,https://archive.org/details/sentimentofflowe00tyas/page/n336/mode/1up,"source heading, sentiment, inherited-row order, and printed list page verified against scan image",
TYAS1869-133,Gillyflower,Gillyflower,working; non-authoritative,,Lasting beauty.,Kalıcı güzellik.,305,p. 305 (terminal list); pp. 180–182 (main text),pp. 180–182,include,Final Stage 1 candidate: passes the owner-approved everyday-flower rule and the source-specific narrative threshold.,"Tyas contrasts Greek flower-growing with Roman enthusiasm for floral crowns, then treats gillyflower as beauty preserved through cultivation (pp. 180–182).",,yes,https://archive.org/details/sentimentofflowe00tyas/page/n336/mode/1up,"source heading, sentiment, inherited-row order, and printed list page verified against scan image",
TYAS1869-142,"Heart’s-ease, or Pansy","Heart’s-ease, or Pansy",working; non-authoritative,,Think of me.,Beni düşün.,306,p. 306 (terminal list); pp. 275–276 (main text),pp. 275–276,include,Final Stage 1 candidate: passes the owner-approved everyday-flower rule and the source-specific narrative threshold.,"The name pansy is traced to the French pensée, meaning thought (pp. 275–276).",,yes,https://archive.org/details/sentimentofflowe00tyas/page/n337/mode/1up,"source heading, sentiment, inherited-row order, and printed list page verified against scan image",
TYAS1869-147,"Hepatica, or Noble Liverwort","Hepatica, or Noble Liverwort",working; non-authoritative,,Confidence.,Güven.,306,p. 306 (terminal list); pp. 64–65 (main text),pp. 64–65,include,Final Stage 1 candidate: passes the owner-approved everyday-flower rule and the source-specific narrative threshold.,"The three-lobed leaves are compared with the liver, while the early flowers signal that sowing can begin confidently (pp. 64–65).",,yes,https://archive.org/details/sentimentofflowe00tyas/page/n337/mode/1up,"source heading, sentiment, inherited-row order, and printed list page verified against scan image",
TYAS1869-149,Hollyhock,Hollyhock,working; non-authoritative,,Fruitfulness.,Verimlilik.,306,p. 306 (terminal list); pp. 124–125 (main text),pp. 124–125,include,Final Stage 1 candidate: passes the owner-approved everyday-flower rule and the source-specific narrative threshold.,"Accounts link hollyhock to China or Syria and the Crusades, while its prolific flowers explain fruitfulness (pp. 124–125).",,yes,https://archive.org/details/sentimentofflowe00tyas/page/n337/mode/1up,"source heading, sentiment, inherited-row order, and printed list page verified against scan image",
TYAS1869-151,Honeysuckle,Honeysuckle,working; non-authoritative,,Bonds of love.,Aşk bağları.,306,p. 306 (terminal list); pp. 57–59 (main text),pp. 57–59,include,Final Stage 1 candidate: passes the owner-approved everyday-flower rule and the source-specific narrative threshold.,Honeysuckle winding its flexible branches around an old oak becomes the article’s image for enduring bonds of love (pp. 57–59).,,yes,https://archive.org/details/sentimentofflowe00tyas/page/n337/mode/1up,"source heading, sentiment, inherited-row order, and printed list page verified against scan image",
TYAS1869-155,Hortensia,Hortensia,working; non-authoritative,,You are cold.,Soğuksun.,306,p. 306 (terminal list); pp. 292–293 (main text),pp. 292–293,include,Final Stage 1 candidate: passes the owner-approved everyday-flower rule and the source-specific narrative threshold.,"The hydrangea’s white, purple, and violet clusters are described as brilliant but cold, stately, and quick to fade (pp. 292–293).",,yes,https://archive.org/details/sentimentofflowe00tyas/page/n337/mode/1up,"source heading, sentiment, inherited-row order, and printed list page verified against scan image",
TYAS1869-159,Hyacinth,Hyacinth,working; non-authoritative,,Game. Play.,Oyun; eğlence.,306,p. 306 (terminal list); pp. 125–128 (main text),pp. 125–128,include,Final Stage 1 candidate: passes the owner-approved everyday-flower rule and the source-specific narrative threshold.,Hyacinth springs from Hyacinthus’s blood after Zephyr diverts Apollo’s quoit and kills the youth during play (pp. 125–128).,,yes,https://archive.org/details/sentimentofflowe00tyas/page/n337/mode/1up,"source heading, sentiment, inherited-row order, and printed list page verified against scan image",
TYAS1869-162,Indian Jasmine,Indian Jasmine,working; non-authoritative,Indian,I attach myself to you.,Sana bağlanıyorum.,306,p. 306 (terminal list); pp. 142–143 (main text),pp. 142–143,include,Final Stage 1 candidate: passes the owner-approved everyday-flower rule and the source-specific narrative threshold.,Indian jasmine is a twining bindweed that needs support but covers it lightly with foliage and flowers (pp. 142–143).,,yes,https://archive.org/details/sentimentofflowe00tyas/page/n337/mode/1up,"source heading, sentiment, inherited-row order, and printed list page verified against scan image",
TYAS1869-165,Iris,Iris,working; non-authoritative,,Message.,Mesaj.,306,p. 306 (terminal list); pp. 197–198 (main text),pp. 197–198,include,Final Stage 1 candidate: passes the owner-approved everyday-flower rule and the source-specific narrative threshold.,Iris is named for Juno’s messenger and visually connected with the rainbow colours assigned to that divine attendant (pp. 197–198).,,yes,https://archive.org/details/sentimentofflowe00tyas/page/n337/mode/1up,"source heading, sentiment, inherited-row order, and printed list page verified against scan image",
TYAS1869-166,"——, Yellow",Yellow Iris,working; non-authoritative,Yellow,Flame.,Alev.,306,p. 306 (terminal list); pp. 113–114 (main text),pp. 113–114,include,Final Stage 1 candidate: passes the owner-approved everyday-flower rule and the source-specific narrative threshold.,Yellow iris grown on German cottage roofs resembles perfumed flame when sunlit petals move in the wind (pp. 113–114).,,yes,https://archive.org/details/sentimentofflowe00tyas/page/n337/mode/1up,"source heading, sentiment, inherited-row order, and printed list page verified against scan image",
TYAS1869-168,"Jasmine, Virginian",Virginian Jasmine,working; non-authoritative,Virginian,Separation.,Ayrılık.,307,p. 307 (terminal list); pp. 253–254 (main text),pp. 253–254,include,Final Stage 1 candidate: passes the owner-approved everyday-flower rule and the source-specific narrative threshold.,"The article identifies the trumpet flower as French “Jasmin de Virginie”/American Jasmine, notes orange flowers in July–August, and discusses hummingbirds using its leaves (pp. 253–254).",,yes,https://archive.org/details/sentimentofflowe00tyas/page/n338/mode/1up,"source heading, sentiment, inherited-row order, and printed list page verified against scan image",
TYAS1869-169,"Jessamine, or Jasmine","Jessamine, or Jasmine",working; non-authoritative,,Amiability.,Sevimlilik.,307,p. 307 (terminal list); pp. 34–37 (main text),pp. 34–37,include,Final Stage 1 candidate: passes the owner-approved everyday-flower rule and the source-specific narrative threshold.,Tyas notes jasmine’s inability to ripen seed locally and explains propagation by layering branches or taking cuttings (pp. 34–37).,"Plate V (facing p. 186), probable mapping to plate label “White Jasmine”; list heading does not specify colour",uncertain,https://archive.org/details/sentimentofflowe00tyas/page/n338/mode/1up,"source heading, sentiment, inherited-row order, and printed list page verified against scan image",
TYAS1869-170,Jonquil,Jonquil,working; non-authoritative,,Desire.,Arzu.,307,p. 307 (terminal list); pp. 80–81 (main text),pp. 80–81,include,Final Stage 1 candidate: passes the owner-approved everyday-flower rule and the source-specific narrative threshold.,Jonquil is distinguished by rush-like foliage and a fragrance strong enough to overwhelm a moderate-sized room (pp. 80–81).,,yes,https://archive.org/details/sentimentofflowe00tyas/page/n338/mode/1up,"source heading, sentiment, inherited-row order, and printed list page verified against scan image",
TYAS1869-181,Lilac,Lilac,working; non-authoritative,,First emotion of love.,Aşkın ilk duygusu.,307,p. 307 (terminal list); pp. 111–113 (main text),pp. 111–113,include,Final Stage 1 candidate: passes the owner-approved everyday-flower rule and the source-specific narrative threshold.,"Tyas links lilac with love’s first emotion through its return in spring, fresh foliage, flexible branches, abundant short-lived flowers, and delicate colours (pp. 111–113).",,yes,https://archive.org/details/sentimentofflowe00tyas/page/n338/mode/1up,"source heading, sentiment, inherited-row order, and printed list page verified against scan image",
TYAS1869-182,"——, White",White Lilac,working; non-authoritative,White,Youth.,Gençlik.,307,p. 307 (terminal list); pp. 287–288 (main text),pp. 287–288,include,Final Stage 1 candidate: passes the owner-approved everyday-flower rule and the source-specific narrative threshold.,"Its pure, short-lived white flowers are made an emblem of fleeting youth that wealth or power cannot restore (pp. 287–288).",,yes,https://archive.org/details/sentimentofflowe00tyas/page/n338/mode/1up,"source heading, sentiment, inherited-row order, and printed list page verified against scan image",
TYAS1869-183,"Lily, White",White Lily,working; non-authoritative,White,Purity and Modesty.,Saflık ve tevazu.,307,p. 307 (terminal list); pp. 231–236 (main text),pp. 231–236,include,Final Stage 1 candidate: passes the owner-approved everyday-flower rule and the source-specific narrative threshold.,Tyas combines the lily’s white form with Christian purity and the mythic account in which Juno’s milk produced lilies (pp. 231–236).,"Plate III (facing p. 74), group plate: Tulip / White Lily / Fuchsia",no,https://archive.org/details/sentimentofflowe00tyas/page/n338/mode/1up,"source heading, sentiment, inherited-row order, and printed list page verified against scan image",
TYAS1869-184,——of the Valley,Lily of the Valley,working; non-authoritative,,Return of happiness.,Mutluluğun dönüşü.,307,p. 307 (terminal list); pp. 241–243 (main text),pp. 241–243,include,Final Stage 1 candidate: passes the owner-approved everyday-flower rule and the source-specific narrative threshold.,"The lily of the valley is placed in shaded valleys, oak woods, and cool stream banks; its early-May return and perfume are made signs of renewed happiness (pp. 241–243).",,yes,https://archive.org/details/sentimentofflowe00tyas/page/n338/mode/1up,"source heading, sentiment, inherited-row order, and printed list page verified against scan image",
TYAS1869-186,London Pride,London Pride,working; non-authoritative,,Frivolity.,Hafiflik.,307,p. 307 (terminal list); pp. 123–124 (main text),pp. 123–124,include,Final Stage 1 candidate: passes the owner-approved everyday-flower rule and the source-specific narrative threshold.,"The delicately spotted petals explain the name none-so-pretty, although the assigned floral message remains frivolous (pp. 123–124).",,yes,https://archive.org/details/sentimentofflowe00tyas/page/n338/mode/1up,"source heading, sentiment, inherited-row order, and printed list page verified against scan image",
TYAS1869-191,Mallow,Mallow,working; non-authoritative,,Mild or sweet disposition.,Yumuşak ya da tatlı mizaç.,307,p. 307 (terminal list); pp. 198–199 (main text),pp. 198–199,include,Final Stage 1 candidate: passes the owner-approved everyday-flower rule and the source-specific narrative threshold.,"Mallow is cited as food for desert nomads and as something Greeks, Romans, and Chinese also ate (pp. 198–199).",,yes,https://archive.org/details/sentimentofflowe00tyas/page/n338/mode/1up,"source heading, sentiment, inherited-row order, and printed list page verified against scan image",
TYAS1869-196,Marvel of Peru,Marvel of Peru,working; non-authoritative,,Timidity.,Ürkeklik.,307,p. 307 (terminal list); pp. 273–274 (main text),pp. 273–274,include,Final Stage 1 candidate: passes the owner-approved everyday-flower rule and the source-specific narrative threshold.,The French name belle-de-nuit and the timidity emblem are explained through flowers that open at night (pp. 273–274).,,yes,https://archive.org/details/sentimentofflowe00tyas/page/n338/mode/1up,"source heading, sentiment, inherited-row order, and printed list page verified against scan image",
TYAS1869-197,"Madwort, Rock",Rock Madwort,working; non-authoritative,,Tranquillity.,Sükûnet.,307,p. 307 (terminal list); pp. 276–277 (main text),pp. 276–277,include,Final Stage 1 candidate: passes the owner-approved everyday-flower rule and the source-specific narrative threshold.,Ancients are said to have valued rock madwort for a supposed power to calm anger; Tyas also describes it as showy and easy to cultivate (pp. 276–277).,,yes,https://archive.org/details/sentimentofflowe00tyas/page/n338/mode/1up,"source heading, sentiment, inherited-row order, and printed list page verified against scan image",
TYAS1869-198,Marigold,Marigold,working; non-authoritative,,Inquietude.,Huzursuzluk.,307,p. 307 (terminal list); pp. 174–176 (main text),pp. 174–176,include,Final Stage 1 candidate: passes the owner-approved everyday-flower rule and the source-specific narrative threshold.,"Marigold follows the sun, closes at night, and becomes an image of restless grief rather than settled sorrow (pp. 174–176).",,yes,https://archive.org/details/sentimentofflowe00tyas/page/n338/mode/1up,"source heading, sentiment, inherited-row order, and printed list page verified against scan image",
TYAS1869-199,"Marigold, Small Cape",Small Cape Marigold,working; non-authoritative,Cape; Small,Presage.,Alamet.,308,p. 308 (terminal list); pp. 226–227 (main text),pp. 226–227,include,Final Stage 1 candidate: passes the owner-approved everyday-flower rule and the source-specific narrative threshold.,The small Cape marigold closes before rain and normally remains open from about seven until four in dry weather (pp. 226–227).,,yes,https://archive.org/details/sentimentofflowe00tyas/page/n339/mode/1up,"source heading, sentiment, inherited-row order, and printed list page verified against scan image",
TYAS1869-200,Meadow Saffron,Meadow Saffron,working; non-authoritative,,My best days are past.,En iyi günlerim geçti.,308,p. 308 (terminal list); pp. 205–207 (main text),pp. 205–207,include,Final Stage 1 candidate: passes the owner-approved everyday-flower rule and the source-specific narrative threshold.,The autumnal flower is contrasted with spring saffron because it announces summer’s end; Tyas also records a Colchis-and-Medea origin legend and Swiss protective use (pp. 205–207).,,yes,https://archive.org/details/sentimentofflowe00tyas/page/n339/mode/1up,"source heading, sentiment, inherited-row order, and printed list page verified against scan image",
TYAS1869-201,Meadow Sweet,Meadow Sweet,working; non-authoritative,,Uselessness.,Yararsızlık.,308,p. 308 (terminal list); pp. 281–282 (main text),pp. 281–282,include,Final Stage 1 candidate: passes the owner-approved everyday-flower rule and the source-specific narrative threshold.,Tyas reports the French name Reine des prés and says herbalists had found no medicinal property in the plant (pp. 281–282).,,yes,https://archive.org/details/sentimentofflowe00tyas/page/n339/mode/1up,"source heading, sentiment, inherited-row order, and printed list page verified against scan image",
TYAS1869-203,Michaelmas Daisy,Michaelmas Daisy,working; non-authoritative,,Afterthought.,Sonradan gelen düşünce.,308,p. 308 (terminal list); pp. 32–33 (main text),pp. 32–33,include,Final Stage 1 candidate: passes the owner-approved everyday-flower rule and the source-specific narrative threshold.,The late flowers brighten gardens as the floral season closes and are called Flora’s “after-thought” (pp. 32–33).,,yes,https://archive.org/details/sentimentofflowe00tyas/page/n339/mode/1up,"source heading, sentiment, inherited-row order, and printed list page verified against scan image",
TYAS1869-204,Mignonette,Mignonette,working; non-authoritative,,Your qualities surpass your charms.,Niteliklerin çekiciliğini aşıyor.,308,p. 308 (terminal list); pp. 288–292 (main text),pp. 288–292,include,Final Stage 1 candidate: passes the owner-approved everyday-flower rule and the source-specific narrative threshold.,"Tyas follows the flower’s fragrance from princely parterre to cottage and London balcony, then develops the sentiment through the Amelia/Charlotte narrative (pp. 288–292).","Plate VIII (facing p. 288), group plate: Mignonette / Heliotrope / Clove Pink",no,https://archive.org/details/sentimentofflowe00tyas/page/n339/mode/1up,"source heading, sentiment, inherited-row order, and printed list page verified against scan image",
TYAS1869-209,Monthly or China Rose,Monthly or China Rose,working; non-authoritative,China; Monthly,Beauty ever new.,Daima yeni güzellik.,308,p. 308 (terminal list); pp. 51–52 (main text),pp. 51–52,include,Final Stage 1 candidate: passes the owner-approved everyday-flower rule and the source-specific narrative threshold.,"The monthly rose is praised for renewing its bloom over much of the year, and Tyas records its late-eighteenth-century arrival in cultivation (pp. 51–52).","Plate V (facing p. 186), shown under plate label “China Rose”",no,https://archive.org/details/sentimentofflowe00tyas/page/n339/mode/1up,"source heading, sentiment, inherited-row order, and printed list page verified against scan image",
TYAS1869-211,Moschatel,Moschatel,working; non-authoritative,,Weakness.,Zayıflık.,308,p. 308 (terminal list); pp. 283–284 (main text),pp. 283–284,include,Final Stage 1 candidate: passes the owner-approved everyday-flower rule and the source-specific narrative threshold.,"Moschatel is minute and grows obscurely, with a faint musk scent gentle enough for people who usually dislike musk (pp. 283–284).",,yes,https://archive.org/details/sentimentofflowe00tyas/page/n339/mode/1up,"source heading, sentiment, inherited-row order, and printed list page verified against scan image",
TYAS1869-212,Moss Rose,Moss Rose,working; non-authoritative,,Pleasure without alloy.,Katıksız haz.,308,p. 308 (terminal list); pp. 220–221 (main text),pp. 220–221,include,Final Stage 1 candidate: passes the owner-approved everyday-flower rule and the source-specific narrative threshold.,Tyas treats moss rose as a Provence-rose relative and uses its mossy covering to frame pleasure as complete and unspoiled (pp. 220–221).,,yes,https://archive.org/details/sentimentofflowe00tyas/page/n339/mode/1up,"source heading, sentiment, inherited-row order, and printed list page verified against scan image",
TYAS1869-222,Musk Rose,Musk Rose,working; non-authoritative,,Capricious beauty.,Kaprisli güzellik.,308,p. 308 (terminal list); pp. 61–62 (main text),pp. 61–62,include,Final Stage 1 candidate: passes the owner-approved everyday-flower rule and the source-specific narrative threshold.,Modest white flowers gather in large autumn panicles whose musky scent compensates for their lack of visual freshness (pp. 61–62).,,yes,https://archive.org/details/sentimentofflowe00tyas/page/n339/mode/1up,"source heading, sentiment, inherited-row order, and printed list page verified against scan image",
TYAS1869-225,"Myosotis, or Mouse Ear","Myosotis, or Mouse Ear",working; non-authoritative,,"Forget-me-not,",Beni unutma.,308,p. 308 (terminal list); pp. 117–120 (main text),pp. 117–120,include,Final Stage 1 candidate: passes the owner-approved everyday-flower rule and the source-specific narrative threshold.,The forget-me-not treatment gives the botanical heading *Myosotis scorpioides* and recounts the lovers’ waterside legend used to explain its name (pp. 117–120).,"Plate IV (facing p. 117), shown under plate label “Forget-me-not”",no,https://archive.org/details/sentimentofflowe00tyas/page/n339/mode/1up,"source heading, sentiment, inherited-row order, and printed list page verified against scan image",
TYAS1869-226,"Narcissus, False",False Narcissus,working; non-authoritative,,Delusive hope.,Aldatıcı umut.,308,p. 308 (terminal list); pp. 79–80 (main text),pp. 79–80,include,Final Stage 1 candidate: passes the owner-approved everyday-flower rule and the source-specific narrative threshold.,"False narcissus often fails to flower even after careful forcing, so elaborate cultivation may end in disappointed hope (pp. 79–80).",,yes,https://archive.org/details/sentimentofflowe00tyas/page/n339/mode/1up,"source heading, sentiment, inherited-row order, and printed list page verified against scan image",
TYAS1869-229,Night Convolvulus,Night Convolvulus,working; non-authoritative,,Night.,Gece.,309,p. 309 (terminal list); pp. 210–212 (main text),pp. 210–212,include,Final Stage 1 candidate: passes the owner-approved everyday-flower rule and the source-specific narrative threshold.,The concise botanical note says several species open only at night and are chiefly native to hot countries (pp. 210–212).,,yes,https://archive.org/details/sentimentofflowe00tyas/page/n340/mode/1up,"source heading, sentiment, inherited-row order, and printed list page verified against scan image",
TYAS1869-234,Orange Flower,Orange Flower,working; non-authoritative,,Chastity.,İffet.,309,p. 309 (terminal list); pp. 62–64 (main text),pp. 62–64,include,Final Stage 1 candidate: passes the owner-approved everyday-flower rule and the source-specific narrative threshold.,Tyas records a French wedding custom in which newly married women wore orange flowers and a dishonoured bride was denied that ornament (pp. 62–64).,,yes,https://archive.org/details/sentimentofflowe00tyas/page/n340/mode/1up,"source heading, sentiment, inherited-row order, and printed list page verified against scan image",
TYAS1869-240,"Pansy, or Heart’s ease","Pansy, or Heart’s ease",working; non-authoritative,,Think of me.,Beni düşün.,309,p. 309 (terminal list); pp. 275–276 (main text),pp. 275–276,include,Final Stage 1 candidate: passes the owner-approved everyday-flower rule and the source-specific narrative threshold.,"The name pansy is traced to the French pensée, meaning thought (pp. 275–276).",,yes,https://archive.org/details/sentimentofflowe00tyas/page/n340/mode/1up,"source heading, sentiment, inherited-row order, and printed list page verified against scan image",
TYAS1869-243,Pasque Flower,Pasque Flower,working; non-authoritative,,You are without pretension.,Gösterişsizsin.,309,p. 309 (terminal list); pp. 294–295 (main text),pp. 294–295,include,Final Stage 1 candidate: passes the owner-approved everyday-flower rule and the source-specific narrative threshold.,"The plant’s wind-driven downy seed, abundant purple/violet flowers, open-hill habitat, and low care are used to support “without pretension” (pp. 294–295).",,yes,https://archive.org/details/sentimentofflowe00tyas/page/n340/mode/1up,"source heading, sentiment, inherited-row order, and printed list page verified against scan image",
TYAS1869-245,Periwinkle,Periwinkle,working; non-authoritative,,Sweet Remembrances.,Tatlı hatıralar.,309,p. 309 (terminal list); pp. 267–269 (main text),pp. 267–269,include,Final Stage 1 candidate: passes the owner-approved everyday-flower rule and the source-specific narrative threshold.,"The periwinkle’s quiet blue flower prefers shaded banks and secluded growth, making it a vehicle for gentle remembrance (pp. 267–269).",,yes,https://archive.org/details/sentimentofflowe00tyas/page/n340/mode/1up,"source heading, sentiment, inherited-row order, and printed list page verified against scan image",
TYAS1869-246,Peruvian Heliotrope,Peruvian Heliotrope,working; non-authoritative,Peruvian,I love you. Infatuation.,Seni seviyorum; kara sevda.,309,p. 309 (terminal list); pp. 151–154 (main text),pp. 151–154,include,Final Stage 1 candidate: passes the owner-approved everyday-flower rule and the source-specific narrative threshold.,"The article describes the Peruvian evergreen’s lilac flowers and intoxicating perfume, then relates the long narrative of Countess Eleanora of Denmark (pp. 151–154).","Plate VIII (facing p. 288), shown under plate label “Heliotrope”",no,https://archive.org/details/sentimentofflowe00tyas/page/n340/mode/1up,"source heading, sentiment, inherited-row order, and printed list page verified against scan image",
TYAS1869-247,Pheasant’s Eye (Adonis),Pheasant’s Eye (Adonis),working; non-authoritative,,Sorrowful Remembrances.,Kederli hatıralar.,309,p. 309 (terminal list); pp. 263–264 (main text),pp. 263–264,include,Final Stage 1 candidate: passes the owner-approved everyday-flower rule and the source-specific narrative threshold.,"After Adonis is killed by a boar, Venus’s tears mingle with his blood and produce the flower of sorrowful remembrance (pp. 263–264).",,yes,https://archive.org/details/sentimentofflowe00tyas/page/n340/mode/1up,"source heading, sentiment, inherited-row order, and printed list page verified against scan image",
TYAS1869-249,Pimpernel,Pimpernel,working; non-authoritative,,Assignation.,Buluşma.,309,p. 309 (terminal list); pp. 41–42 (main text),pp. 41–42,include,Final Stage 1 candidate: passes the owner-approved everyday-flower rule and the source-specific narrative threshold.,"After recording Greek and Roman medicinal use, Tyas identifies pimpernel as a timed flower and moisture-sensitive shepherd’s weather glass (pp. 41–42).",,yes,https://archive.org/details/sentimentofflowe00tyas/page/n340/mode/1up,"source heading, sentiment, inherited-row order, and printed list page verified against scan image",
TYAS1869-251,Pink,Pink,working; non-authoritative,,Lively and pure affection.,Canlı ve saf sevgi.,309,p. 309 (terminal list); pp. 186–188 (main text),pp. 186–188,include,Final Stage 1 candidate: passes the owner-approved everyday-flower rule and the source-specific narrative threshold.,Cultivation is said to double the pink’s petals and create extensive colour variation from a simple red or white wild form (pp. 186–188).,"Plate V (facing p. 186), probable mapping to plate label “Garden Pink”",uncertain,https://archive.org/details/sentimentofflowe00tyas/page/n340/mode/1up,"source heading, sentiment, inherited-row order, and printed list page verified against scan image",
TYAS1869-255,Poet’s Narcissus,Poet’s Narcissus,working; non-authoritative,,Egotism.,Benmerkezcilik.,309,p. 309 (terminal list); pp. 93–94 (main text),pp. 93–94,include,Final Stage 1 candidate: passes the owner-approved everyday-flower rule and the source-specific narrative threshold.,"Tyas describes white petals around a golden centre, then recounts Ovid’s Narcissus story to explain egotism (pp. 93–94).",,yes,https://archive.org/details/sentimentofflowe00tyas/page/n340/mode/1up,"source heading, sentiment, inherited-row order, and printed list page verified against scan image",
TYAS1869-262,Poppy,Poppy,working; non-authoritative,,Consolation of sleep.,Uykunun tesellisi.,310,p. 310 (terminal list); pp. 70–71 (main text),pp. 70–71,include,Final Stage 1 candidate: passes the owner-approved everyday-flower rule and the source-specific narrative threshold.,"Poppy’s pain-relieving narcotic juice is linked with sleep, and ancients are said to have crowned the god of sleep with poppies (pp. 70–71).",,yes,https://archive.org/details/sentimentofflowe00tyas/page/n341/mode/1up,"source heading, sentiment, inherited-row order, and printed list page verified against scan image",
TYAS1869-263,"——, White",White Poppy,working; non-authoritative,White,Sleep of the heart.,Kalbin uykusu.,310,p. 310 (terminal list); pp. 258–260 (main text),pp. 258–260,include,Final Stage 1 candidate: passes the owner-approved everyday-flower rule and the source-specific narrative threshold.,"After verse on white poppies and sleep, Tyas notes oil expressed from the seeds that calms the senses and provokes sleep (pp. 258–260).",,yes,https://archive.org/details/sentimentofflowe00tyas/page/n341/mode/1up,"source heading, sentiment, inherited-row order, and printed list page verified against scan image",
TYAS1869-265,Primrose,Primrose,working; non-authoritative,,Early youth.,İlk gençlik.,310,p. 310 (terminal list); pp. 90–93 (main text),pp. 90–93,include,Final Stage 1 candidate: passes the owner-approved everyday-flower rule and the source-specific narrative threshold.,"Primrose appears through retreating winter snow and announces spring, providing the transition into early youth (pp. 90–93).",,yes,https://archive.org/details/sentimentofflowe00tyas/page/n341/mode/1up,"source heading, sentiment, inherited-row order, and printed list page verified against scan image",
TYAS1869-266,"——, Evening",Evening Primrose,working; non-authoritative,,Inconstancy.,Kararsızlık.,310,p. 310 (terminal list); pp. 159–160 (main text),pp. 159–160,include,Final Stage 1 candidate: passes the owner-approved everyday-flower rule and the source-specific narrative threshold.,Evening primrose was reportedly carried from Virginia to Padua in 1619; each blossom’s brief duration explains inconstancy (pp. 159–160).,,yes,https://archive.org/details/sentimentofflowe00tyas/page/n341/mode/1up,"source heading, sentiment, inherited-row order, and printed list page verified against scan image",
TYAS1869-268,Pyramidal Bell Flower,Pyramidal Bell Flower,working; non-authoritative,,Gratitude.,Şükran.,310,p. 310 (terminal list); pp. 134–135 (main text),pp. 134–135,include,Final Stage 1 candidate: passes the owner-approved everyday-flower rule and the source-specific narrative threshold.,"Dutch households reportedly trained the plant in large pots for halls, stairs, and summer fireplaces (pp. 134–135).",,yes,https://archive.org/details/sentimentofflowe00tyas/page/n341/mode/1up,"source heading, sentiment, inherited-row order, and printed list page verified against scan image",
TYAS1869-271,Ranunculus,Ranunculus,working; non-authoritative,,You are radiant with charms.,Cazibenle ışıldıyorsun.,310,p. 310 (terminal list); pp. 293–294 (main text),pp. 293–294,include,Final Stage 1 candidate: passes the owner-approved everyday-flower rule and the source-specific narrative threshold.,Asiatic ranunculus opens early in spring with an unusually broad range of brilliant colours (pp. 293–294).,,yes,https://archive.org/details/sentimentofflowe00tyas/page/n341/mode/1up,"source heading, sentiment, inherited-row order, and printed list page verified against scan image",
TYAS1869-272,Red Shanks,Red Shanks,working; non-authoritative,,Patience.,Sabır.,310,p. 310 (terminal list); pp. 214–215 (main text),pp. 214–215,include,Final Stage 1 candidate: passes the owner-approved everyday-flower rule and the source-specific narrative threshold.,Young shoots were used as greens in Lancashire and formerly added to herb puddings in northern England (pp. 214–215).,,yes,https://archive.org/details/sentimentofflowe00tyas/page/n341/mode/1up,"source heading, sentiment, inherited-row order, and printed list page verified against scan image",
TYAS1869-273,—— Valerian,Red Valerian,working; non-authoritative,,Accommodating disposition.,Uyumlu mizaç.,310,p. 310 (terminal list); pp. 30–31 (main text),pp. 30–31,include,Final Stage 1 candidate: passes the owner-approved everyday-flower rule and the source-specific narrative threshold.,"Red valerian came from Alpine rocks, flowers for much of the year, and escapes borders for barren hills (pp. 30–31).",,yes,https://archive.org/details/sentimentofflowe00tyas/page/n341/mode/1up,"source heading, sentiment, inherited-row order, and printed list page verified against scan image",
TYAS1869-275,Rest Harrow,Rest Harrow,working; non-authoritative,,Obstacle.,Engel.,310,p. 310 (terminal list); pp. 210–212 (main text),pp. 210–212,include,Final Stage 1 candidate: passes the owner-approved everyday-flower rule and the source-specific narrative threshold.,"Long woody roots obstructed ploughs and thorny branches caught harrows, directly grounding the obstacle emblem (pp. 210–212).",,yes,https://archive.org/details/sentimentofflowe00tyas/page/n341/mode/1up,"source heading, sentiment, inherited-row order, and printed list page verified against scan image",
TYAS1869-280,Rose,Rose,working; non-authoritative,,Beauty.,Güzellik.,310,p. 310 (terminal list); pp. 44–51 (main text),pp. 44–51,include,Final Stage 1 candidate: passes the owner-approved everyday-flower rule and the source-specific narrative threshold.,"Tyas emphasizes the rose’s worldwide abundance and its brief perfection before fading, alongside its repeated renewal each spring (pp. 44–51).","Plate I (frontispiece), group plate: Rose / Ivy / Myrtle",no,https://archive.org/details/sentimentofflowe00tyas/page/n341/mode/1up,"source heading, sentiment, inherited-row order, and printed list page verified against scan image",
TYAS1869-281,"——, Monthly",Monthly Rose,working; non-authoritative,Monthly,Beauty ever new.,Daima yeni güzellik.,310,p. 310 (terminal list); pp. 51–52 (main text),pp. 51–52,include,Final Stage 1 candidate: passes the owner-approved everyday-flower rule and the source-specific narrative threshold.,"The monthly rose is praised for renewing its bloom over much of the year, and Tyas records its late-eighteenth-century arrival in cultivation (pp. 51–52).","Plate V (facing p. 186), probable duplicate-name mapping to plate label “China Rose”",uncertain,https://archive.org/details/sentimentofflowe00tyas/page/n341/mode/1up,"source heading, sentiment, inherited-row order, and printed list page verified against scan image",
TYAS1869-282,"——, Wild",Wild Rose,working; non-authoritative,Wild,Simplicity.,Sadelik.,310,p. 310 (terminal list); pp. 256–257 (main text),pp. 256–257,include,Final Stage 1 candidate: passes the owner-approved everyday-flower rule and the source-specific narrative threshold.,"The dog rose belongs to the rustic bouquet, while Clemence Isaure’s floral games awarded a single rose for eloquence (pp. 256–257).",,yes,https://archive.org/details/sentimentofflowe00tyas/page/n341/mode/1up,"source heading, sentiment, inherited-row order, and printed list page verified against scan image",
TYAS1869-283,"——, White",White Rose,working; non-authoritative,White,Silence.,Sessizlik.,310,p. 310 (terminal list); pp. 255–256 (main text),pp. 255–256,include,Final Stage 1 candidate: passes the owner-approved everyday-flower rule and the source-specific narrative threshold.,"A white rose is held by the god of silence, and roses carved over banquet-room doors warn guests not to repeat what is said within (pp. 255–256).",,yes,https://archive.org/details/sentimentofflowe00tyas/page/n341/mode/1up,"source heading, sentiment, inherited-row order, and printed list page verified against scan image",
TYAS1869-284,"——, Hundred-leaved",Hundred-leaved Rose,working; non-authoritative,,Graces.,Zarafetler.,310,p. 310 (terminal list); pp. 133–134 (main text),pp. 133–134,include,Final Stage 1 candidate: passes the owner-approved everyday-flower rule and the source-specific narrative threshold.,"Pliny’s hundred-leaved rose is described as deep crimson, highly doubled, and comparatively weak in perfume (pp. 133–134).",,yes,https://archive.org/details/sentimentofflowe00tyas/page/n341/mode/1up,"source heading, sentiment, inherited-row order, and printed list page verified against scan image",
TYAS1869-285,Rosebud,Rosebud,working; non-authoritative,,Young girl.,Genç kız.,310,p. 310 (terminal list); pp. 285–287 (main text),pp. 285–287,include,Final Stage 1 candidate: passes the owner-approved everyday-flower rule and the source-specific narrative threshold.,"The article compares red/white and bud/full bloom, making the bud’s grace and gradually maturing beauty emblematic of a young girl (pp. 285–287).",,yes,https://archive.org/details/sentimentofflowe00tyas/page/n341/mode/1up,"source heading, sentiment, inherited-row order, and printed list page verified against scan image",
TYAS1869-286,"——, White",White Rosebud,working; non-authoritative,White,The heart that knows not love.,Aşkı bilmeyen kalp.,310,p. 310 (terminal list); pp. 272–273 (main text),pp. 272–273,include,Final Stage 1 candidate: passes the owner-approved everyday-flower rule and the source-specific narrative threshold.,"A Cupid story says spilled nectar turned formerly white roses red, leaving the unopened white bud as a heart untouched by love (pp. 272–273).",,yes,https://archive.org/details/sentimentofflowe00tyas/page/n341/mode/1up,"source heading, sentiment, inherited-row order, and printed list page verified against scan image",
TYAS1869-288,Rose-scented Geranium,Rose-scented Geranium,working; non-authoritative,Rose-scented,Preference.,Tercih.,310,p. 310 (terminal list); pp. 226–227 (main text),pp. 226–227,include,Final Stage 1 candidate: passes the owner-approved everyday-flower rule and the source-specific narrative threshold.,"Rose-scented geranium is distinguished by soft leaves, a rose-like fragrance, and purple flowers (pp. 226–227).",,yes,https://archive.org/details/sentimentofflowe00tyas/page/n341/mode/1up,"source heading, sentiment, inherited-row order, and printed list page verified against scan image",
TYAS1869-292,Saffron (Crocus sativus),Saffron (Crocus sativus),working; non-authoritative,,Excess is dangerous.,Aşırılık tehlikelidir.,311,p. 311 (terminal list); pp. 103–104 (main text),pp. 103–104,include,Final Stage 1 candidate: passes the owner-approved everyday-flower rule and the source-specific narrative threshold.,"A light saffron infusion was considered stimulating, while excess was said to cause madness (pp. 103–104).",,yes,https://archive.org/details/sentimentofflowe00tyas/page/n342/mode/1up,"source heading, sentiment, inherited-row order, and printed list page verified against scan image",
TYAS1869-294,Sardony,Sardony,working; non-authoritative,,Irony.,İroni.,311,p. 311 (terminal list); pp. 177–178 (main text),pp. 177–178,include,Final Stage 1 candidate: passes the owner-approved everyday-flower rule and the source-specific narrative threshold.,"The poisonous plant is said to contract the dying mouth into the “Risus Sardonicus,” explaining its association with satire and cold irony (pp. 177–178).",,yes,https://archive.org/details/sentimentofflowe00tyas/page/n342/mode/1up,"source heading, sentiment, inherited-row order, and printed list page verified against scan image",
TYAS1869-295,Scarlet Ipomæa,Scarlet Ipomæa,working; non-authoritative,Scarlet,I attach myself to you.,Sana bağlanıyorum.,311,p. 311 (terminal list); pp. 142–143 (main text),pp. 142–143,include,Final Stage 1 candidate: passes the owner-approved everyday-flower rule and the source-specific narrative threshold.,Indian jasmine is a twining bindweed that needs support but covers it lightly with foliage and flowers (pp. 142–143).,,yes,https://archive.org/details/sentimentofflowe00tyas/page/n342/mode/1up,"source heading, sentiment, inherited-row order, and printed list page verified against scan image",
TYAS1869-301,Snap Dragon,Snap Dragon,working; non-authoritative,,Presumption.,Küstahlık.,311,p. 311 (terminal list); pp. 227–228 (main text),pp. 227–228,include,Final Stage 1 candidate: passes the owner-approved everyday-flower rule and the source-specific narrative threshold.,"The article notes intensely scarlet flowers and the plant’s presumptuous spreading habit, which can force gardeners to banish it (pp. 227–228).",,yes,https://archive.org/details/sentimentofflowe00tyas/page/n342/mode/1up,"source heading, sentiment, inherited-row order, and printed list page verified against scan image",
TYAS1869-302,Snowdrop,Snowdrop,working; non-authoritative,,Consolation.,Teselli.,311,p. 311 (terminal list); pp. 68–70 (main text),pp. 68–70,include,Final Stage 1 candidate: passes the owner-approved everyday-flower rule and the source-specific narrative threshold.,The French name perce-neige is explained by the flower piercing snow while the landscape remains wintry (pp. 68–70).,,yes,https://archive.org/details/sentimentofflowe00tyas/page/n342/mode/1up,"source heading, sentiment, inherited-row order, and printed list page verified against scan image",
TYAS1869-303,Spider Ophrys,Spider Ophrys,working; non-authoritative,,Skill.,Beceri.,311,p. 311 (terminal list); pp. 257–258 (main text),pp. 257–258,include,Final Stage 1 candidate: passes the owner-approved everyday-flower rule and the source-specific narrative threshold.,"Arachne challenges Minerva in weaving, is changed into a spider, and gives the spider-like ophrys its skill association (pp. 257–258).",,yes,https://archive.org/details/sentimentofflowe00tyas/page/n342/mode/1up,"source heading, sentiment, inherited-row order, and printed list page verified against scan image",
TYAS1869-304,Spiderwort,Spiderwort,working; non-authoritative,,Transient happiness.,Geçici mutluluk.,311,p. 311 (terminal list); pp. 277–278 (main text),pp. 277–278,include,Final Stage 1 candidate: passes the owner-approved everyday-flower rule and the source-specific narrative threshold.,The French called spiderwort Éphémérine de Virginie because each flower fades rapidly (pp. 277–278).,,yes,https://archive.org/details/sentimentofflowe00tyas/page/n342/mode/1up,"source heading, sentiment, inherited-row order, and printed list page verified against scan image",
TYAS1869-309,"Stock, Ten-week",Ten-week Stock,working; non-authoritative,Ten-week,Promptitude.,Çabukluk.,311,p. 311 (terminal list); pp. 228–229 (main text),pp. 228–229,include,Final Stage 1 candidate: passes the owner-approved everyday-flower rule and the source-specific narrative threshold.,Ten-week stock can flower about forty days after sowing; staggered sowings are advised for continuous summer bloom (pp. 228–229).,,yes,https://archive.org/details/sentimentofflowe00tyas/page/n342/mode/1up,"source heading, sentiment, inherited-row order, and printed list page verified against scan image",
TYAS1869-310,"Stramonium, Common",Common Stramonium,working; non-authoritative,,Disguise.,Kılık değiştirme.,311,p. 311 (terminal list); pp. 87–88 (main text),pp. 87–88,include,Final Stage 1 candidate: passes the owner-approved everyday-flower rule and the source-specific narrative threshold.,Elegant white flowers and foliage conceal a potent narcotic poison (pp. 87–88).,,yes,https://archive.org/details/sentimentofflowe00tyas/page/n342/mode/1up,"source heading, sentiment, inherited-row order, and printed list page verified against scan image",
TYAS1869-312,Sun-flower,Sun-flower,working; non-authoritative,,False riches.,Sahte zenginlik.,311,p. 311 (terminal list); pp. 106–109 (main text),pp. 106–109,include,Final Stage 1 candidate: passes the owner-approved everyday-flower rule and the source-specific narrative threshold.,"Ancient Peruvian sun attendants wore gold sunflower imitations, while Tyas contrasts such display with useful, life-sustaining wealth (pp. 106–109).",,yes,https://archive.org/details/sentimentofflowe00tyas/page/n342/mode/1up,"source heading, sentiment, inherited-row order, and printed list page verified against scan image",
TYAS1869-313,"Sweetbriar, or Eglantine","Sweetbriar, or Eglantine",working; non-authoritative,,Poetry.,Şiir.,311,p. 311 (terminal list); pp. 224–225 (main text),pp. 224–225,include,Final Stage 1 candidate: passes the owner-approved everyday-flower rule and the source-specific narrative threshold.,Sweetbriar is called the poet’s flower not only for its blossoms but for fragrant leaves that perfume morning and evening air (pp. 224–225).,,yes,https://archive.org/details/sentimentofflowe00tyas/page/n342/mode/1up,"source heading, sentiment, inherited-row order, and printed list page verified against scan image",
TYAS1869-314,Sweet--scented Tussilage,Sweet-scented Tussilage,working; non-authoritative,,Justice shall be done you.,Hakkın teslim edilecek.,311,p. 311 (terminal list); pp. 178–179 (main text),pp. 178–179,include,Final Stage 1 candidate: passes the owner-approved everyday-flower rule and the source-specific narrative threshold.,"The entry tells of a poor Dutch miller whose landscape painting found a patron, then compares him with sweet tussilage recognized near Mount Pilat by a botanist (pp. 178–179).",,yes,https://archive.org/details/sentimentofflowe00tyas/page/n342/mode/1up,"source heading, sentiment, inherited-row order, and printed list page verified against scan image",Source list prints “Sweet--scented”; normalized field uses a single hyphen.
TYAS1869-315,Sweet Sultan,Sweet Sultan,working; non-authoritative,,Felicity.,Mutluluk.,311,p. 311 (terminal list); pp. 109–110 (main text),pp. 109–110,include,Final Stage 1 candidate: passes the owner-approved everyday-flower rule and the source-specific narrative threshold.,"Sweet Sultan is connected with Constantinople and Ottoman court fashion, and Parkinson records it in England in 1629 (pp. 109–110).",,yes,https://archive.org/details/sentimentofflowe00tyas/page/n342/mode/1up,"source heading, sentiment, inherited-row order, and printed list page verified against scan image",
TYAS1869-316,Sweet William,Sweet William,working; non-authoritative,,Finesse.,İncelik.,311,p. 311 (terminal list); pp. 110–111 (main text),pp. 110–111,include,Final Stage 1 candidate: passes the owner-approved everyday-flower rule and the source-specific narrative threshold.,"Phillips compares Sweet William’s compact, many-coloured umbels with Flora’s palette of reds, purples, white, and black (pp. 110–111).",,yes,https://archive.org/details/sentimentofflowe00tyas/page/n342/mode/1up,"source heading, sentiment, inherited-row order, and printed list page verified against scan image",
TYAS1869-318,Teasel,Teasel,working; non-authoritative,,Misanthropy.,İnsanlardan nefret.,311,p. 311 (terminal list); pp. 199–200 (main text),pp. 199–200,include,Final Stage 1 candidate: passes the owner-approved everyday-flower rule and the source-specific narrative threshold.,Teasel’s thorny flower heads were used by cloth workers to raise the nap of wool (pp. 199–200).,,yes,https://archive.org/details/sentimentofflowe00tyas/page/n342/mode/1up,"source heading, sentiment, inherited-row order, and printed list page verified against scan image",
TYAS1869-319,Thistle,Thistle,working; non-authoritative,,Austerity.,Sertlik.,312,p. 312 (terminal list); pp. 43–44 (main text),pp. 43–44,include,Final Stage 1 candidate: passes the owner-approved everyday-flower rule and the source-specific narrative threshold.,"The thistle is connected with Scotland’s Order of St Andrew, its gold floral collar, and warning motto (pp. 43–44).",,yes,https://archive.org/details/sentimentofflowe00tyas/page/n343/mode/1up,"source heading, sentiment, inherited-row order, and printed list page verified against scan image",
TYAS1869-321,Thrift,Thrift,working; non-authoritative,,Sympathy.,Duygudaşlık.,312,p. 312 (terminal list); pp. 269–270 (main text),pp. 269–270,include,Final Stage 1 candidate: passes the owner-approved everyday-flower rule and the source-specific narrative threshold.,"The Greek-derived name statice is associated with stopping or uniting, while the many small flowers turn toward the sun (pp. 269–270).","Plate VI (facing p. 208), group plate: Thrift / Dog Rose / Broom",no,https://archive.org/details/sentimentofflowe00tyas/page/n343/mode/1up,"source heading, sentiment, inherited-row order, and printed list page verified against scan image",
TYAS1869-322,Thorn Apple,Thorn Apple,working; non-authoritative,,Deceitful charms.,Aldatıcı cazibe.,312,p. 312 (terminal list); pp. 78–79 (main text),pp. 78–79,include,Final Stage 1 candidate: passes the owner-approved everyday-flower rule and the source-specific narrative threshold.,"Datura’s flowers droop in sunlight and open at night, while the article warns of the plant’s danger (pp. 78–79).",,yes,https://archive.org/details/sentimentofflowe00tyas/page/n343/mode/1up,"source heading, sentiment, inherited-row order, and printed list page verified against scan image",
TYAS1869-327,Trumpet Flower (Bignonia),Trumpet Flower (Bignonia),working; non-authoritative,,Separation.,Ayrılık.,312,p. 312 (terminal list); pp. 252–253 (main text),pp. 252–253,include,Final Stage 1 candidate: passes the owner-approved everyday-flower rule and the source-specific narrative threshold.,"The climber is identified as French “Jasmin de Virginie”/American Jasmine, with orange July–August flowers and an associated hummingbird account (pp. 252–253).","Plate IV (facing p. 117), group plate: Trumpet Flower / Forget-me-not / Bramble",no,https://archive.org/details/sentimentofflowe00tyas/page/n343/mode/1up,"source heading, sentiment, inherited-row order, and printed list page verified against scan image",
TYAS1869-329,Tulip,Tulip,working; non-authoritative,,Declaration of love.,Aşk ilanı.,312,p. 312 (terminal list); pp. 74–77 (main text),pp. 74–77,include,Final Stage 1 candidate: passes the owner-approved everyday-flower rule and the source-specific narrative threshold.,"On the Bosphorus tulip signifies both inconstancy and violent love, while its colour variations support a declaration in floral language (pp. 74–77).","Plate III (facing p. 74), group plate: Tulip / White Lily / Fuchsia",no,https://archive.org/details/sentimentofflowe00tyas/page/n343/mode/1up,"source heading, sentiment, inherited-row order, and printed list page verified against scan image",
TYAS1869-330,Venus’ Looking-glass,Venus’ Looking-glass,working; non-authoritative,,Flattery.,Dalkavukluk.,312,p. 312 (terminal list); pp. 114–115 (main text),pp. 114–115,include,Final Stage 1 candidate: passes the owner-approved everyday-flower rule and the source-specific narrative threshold.,"The starry purple flowers resemble a mirror and close when sunlight is blocked, before Tyas introduces a Venus mirror legend (pp. 114–115).",,yes,https://archive.org/details/sentimentofflowe00tyas/page/n343/mode/1up,"source heading, sentiment, inherited-row order, and printed list page verified against scan image",
TYAS1869-332,Vervain,Vervain,working; non-authoritative,,Enchantment.,Büyülenme.,312,p. 312 (terminal list); pp. 96–98 (main text),pp. 96–98,include,Final Stage 1 candidate: passes the owner-approved everyday-flower rule and the source-specific narrative threshold.,The vervain article surveys ritual and magical associations that outlived classical altars and Druidic forests (pp. 96–98).,,yes,https://archive.org/details/sentimentofflowe00tyas/page/n343/mode/1up,"source heading, sentiment, inherited-row order, and printed list page verified against scan image",
TYAS1869-334,"Violet, Blue",Blue Violet,working; non-authoritative,Blue,Modesty.,Tevazu.,312,p. 312 (terminal list); pp. 200–202 (main text),pp. 200–202,include,Final Stage 1 candidate: passes the owner-approved everyday-flower rule and the source-specific narrative threshold.,"Blue violet hides its fragrant flower beneath low foliage, making modesty visible through scent without display (pp. 200–202).","Plate V (facing p. 186), probable mapping to plate label “Purple Violet”",uncertain,https://archive.org/details/sentimentofflowe00tyas/page/n343/mode/1up,"source heading, sentiment, inherited-row order, and printed list page verified against scan image",
TYAS1869-335,"——, White",White Violet,working; non-authoritative,White,Candour.,İçtenlik.,312,p. 312 (terminal list); pp. 60–61 (main text),pp. 60–61,include,Final Stage 1 candidate: passes the owner-approved everyday-flower rule and the source-specific narrative threshold.,The white violet is claimed to become blue and more fragrant in rich soil or cultivation (pp. 60–61).,,yes,https://archive.org/details/sentimentofflowe00tyas/page/n343/mode/1up,"source heading, sentiment, inherited-row order, and printed list page verified against scan image",
TYAS1869-336,Wake Robin,Wake Robin,working; non-authoritative,,Ardour.,Şevk.,312,p. 312 (terminal list); pp. 37–38 (main text),pp. 37–38,include,Final Stage 1 candidate: passes the owner-approved everyday-flower rule and the source-specific narrative threshold.,The pale arum root first tastes bland but soon pricks the tongue; prepared root was sold as Portland sago (pp. 37–38).,,yes,https://archive.org/details/sentimentofflowe00tyas/page/n343/mode/1up,"source heading, sentiment, inherited-row order, and printed list page verified against scan image",
TYAS1869-337,Wall-flower,Wall-flower,working; non-authoritative,,Fidelity in adversity.,Sıkıntıda sadakat.,312,p. 312 (terminal list); pp. 104–106 (main text),pp. 104–106,include,Final Stage 1 candidate: passes the owner-approved everyday-flower rule and the source-specific narrative threshold.,"After royal tomb sculptures were broken during the French Revolution, wallflowers covered the discarded fragments and perfumed their hiding place (pp. 104–106).",,yes,https://archive.org/details/sentimentofflowe00tyas/page/n343/mode/1up,"source heading, sentiment, inherited-row order, and printed list page verified against scan image",
TYAS1869-338,Water Lily,Water Lily,working; non-authoritative,,Eloquence.,Belagat.,312,p. 312 (terminal list); pp. 95–96 (main text),pp. 95–96,include,Final Stage 1 candidate: passes the owner-approved everyday-flower rule and the source-specific narrative threshold.,"The Egyptian lotus closes and rests on the lake at sunset, then rises and opens with the sun (pp. 95–96).",,yes,https://archive.org/details/sentimentofflowe00tyas/page/n343/mode/1up,"source heading, sentiment, inherited-row order, and printed list page verified against scan image",
TYAS1869-340,Wild or Dog Rose,Wild or Dog Rose,working; non-authoritative,Wild,Simplicity.,Sadelik.,312,p. 312 (terminal list); pp. 256–257 (main text),pp. 256–257,include,Final Stage 1 candidate: passes the owner-approved everyday-flower rule and the source-specific narrative threshold.,"The dog rose belongs to the rustic bouquet, while Clemence Isaure’s floral games awarded a single rose for eloquence (pp. 256–257).","Plate VI (facing p. 208), shown under plate label “Dog Rose”",no,https://archive.org/details/sentimentofflowe00tyas/page/n343/mode/1up,"source heading, sentiment, inherited-row order, and printed list page verified against scan image",
TYAS1869-341,Willow Herb,Willow Herb,working; non-authoritative,,Pretension.,Gösteriş.,312,p. 312 (terminal list); pp. 227–228 (main text),pp. 227–228,include,Final Stage 1 candidate: passes the owner-approved everyday-flower rule and the source-specific narrative threshold.,Riverside willow herb is showy and vigorous enough to grow beneath trees and in smoky cities (pp. 227–228).,,yes,https://archive.org/details/sentimentofflowe00tyas/page/n343/mode/1up,"source heading, sentiment, inherited-row order, and printed list page verified against scan image",
TYAS1869-343,Wood Sorrel,Wood Sorrel,working; non-authoritative,,Joy.,Sevinç.,312,p. 312 (terminal list); pp. 177–178 (main text),pp. 177–178,include,Final Stage 1 candidate: passes the owner-approved everyday-flower rule and the source-specific narrative threshold.,"Wood sorrel closes and droops as if asleep, then opens its leaves and flowers again at dawn (pp. 177–178).",,yes,https://archive.org/details/sentimentofflowe00tyas/page/n343/mode/1up,"source heading, sentiment, inherited-row order, and printed list page verified against scan image",
TYAS1869-345,Yarrow,Yarrow,working; non-authoritative,,War.,Savaş.,312,p. 312 (terminal list); pp. 283–284 (main text),pp. 283–284,include,Final Stage 1 candidate: passes the owner-approved everyday-flower rule and the source-specific narrative threshold.,"Achilles is said to have used yarrow to heal Telephus’s wound, explaining the plant’s Achillea name (pp. 283–284).",,yes,https://archive.org/details/sentimentofflowe00tyas/page/n343/mode/1up,"source heading, sentiment, inherited-row order, and printed list page verified against scan image",
TYAS1869-346,Yellow Day Lily,Yellow Day Lily,working; non-authoritative,Yellow,Coquetry.,Cilve.,312,p. 312 (terminal list); pp. 71–72 (main text),pp. 71–72,include,Final Stage 1 candidate: passes the owner-approved everyday-flower rule and the source-specific narrative threshold.,"Yellow day-lily flowers rarely remain open for two days, giving rise to the French name belle d’un jour (pp. 71–72).",,yes,https://archive.org/details/sentimentofflowe00tyas/page/n343/mode/1up,"source heading, sentiment, inherited-row order, and printed list page verified against scan image",
TYAS1869-347,—— Rose,Yellow Rose,working; non-authoritative,Yellow,Infidelity.,Sadakatsizlik.,312,p. 312 (terminal list); pp. 164–165 (main text),pp. 164–165,include,Final Stage 1 candidate: passes the owner-approved everyday-flower rule and the source-specific narrative threshold.,Tyas reports yellow roses at Calicut in 1503 and traces their movement through Constantinople into English cultivation (pp. 164–165).,,yes,https://archive.org/details/sentimentofflowe00tyas/page/n343/mode/1up,"source heading, sentiment, inherited-row order, and printed list page verified against scan image",
